{"type":"FeatureCollection","properties":{"source":"OpenStreetMap contributors, ODbL","bbox":{"latMin":52.376,"latMax":52.3855,"lngMin":11.809,"lngMax":11.84},"pxPerM":1,"width":2106,"height":1058},"features":[{"type":"Feature","properties":{"k":"track"},"geometry":{"type":"LineString","coordinates":[[11.84805,52.377481],[11.84797,52.37749],[11.847589,52.377479],[11.847454,52.377482],[11.847334,52.377495],[11.84719,52.377541],[11.847045,52.37758],[11.846941,52.377601],[11.846749,52.377622],[11.846633,52.377632],[11.846557,52.377644],[11.846516,52.377662],[11.846472,52.377705],[11.846435,52.377783],[11.84629,52.377913],[11.846142,52.378038],[11.845993,52.378143],[11.845587,52.378323],[11.84534,52.378398],[11.845023,52.378496],[11.844506,52.378661],[11.844111,52.378765],[11.843378,52.37896],[11.842711,52.379161],[11.842129,52.379348],[11.841677,52.379551],[11.840972,52.37978],[11.840521,52.379918],[11.840142,52.379967],[11.839989,52.37994],[11.839869,52.37988],[11.839764,52.379749],[11.83977,52.379593],[11.839761,52.379435],[11.839786,52.379134],[11.839977,52.378888],[11.840119,52.378706],[11.840257,52.378556],[11.840563,52.37797],[11.840748,52.377609],[11.840845,52.377474],[11.841024,52.377325],[11.841159,52.377315],[11.841318,52.377291],[11.841456,52.37718],[11.841581,52.377027],[11.841714,52.376911],[11.841803,52.376804],[11.841856,52.376691],[11.842009,52.376164],[11.842126,52.375687],[11.842308,52.375087],[11.842437,52.374809],[11.842621,52.374486],[11.842962,52.373841],[11.843329,52.3731],[11.843475,52.372838],[11.843748,52.372514],[11.843839,52.372386],[11.843862,52.372305],[11.843867,52.372235],[11.843929,52.372131],[11.844025,52.372066],[11.844212,52.371983]]}},{"type":"Feature","properties":{"k":"road_minor"},"geometry":{"type":"LineString","coordinates":[[11.820788,52.382732],[11.820995,52.382668],[11.82111,52.38258],[11.821184,52.382436]]}},{"type":"Feature","properties":{"k":"road_minor"},"geometry":{"type":"LineString","coordinates":[[11.828541,52.381586],[11.827861,52.381558],[11.827185,52.381527]]}},{"type":"Feature","properties":{"k":"road_minor"},"geometry":{"type":"LineString","coordinates":[[11.82797,52.38272],[11.828181,52.382692],[11.828318,52.382645],[11.828418,52.382582],[11.828529,52.382521]]}},{"type":"Feature","properties":{"k":"road_minor"},"geometry":{"type":"LineString","coordinates":[[11.82116,52.378509],[11.821216,52.37842],[11.82127,52.378371],[11.821368,52.378317],[11.821622,52.378286]]}},{"type":"Feature","properties":{"k":"road_minor"},"geometry":{"type":"LineString","coordinates":[[11.820855,52.3781],[11.821622,52.378286],[11.821764,52.378319],[11.822844,52.378584],[11.824398,52.378962],[11.825416,52.379199],[11.825687,52.379245]]}},{"type":"Feature","properties":{"k":"road_minor"},"geometry":{"type":"LineString","coordinates":[[11.820855,52.3781],[11.819918,52.377871],[11.819616,52.377797],[11.819377,52.37774],[11.818391,52.377498],[11.815781,52.376863],[11.814883,52.376646],[11.813121,52.376218],[11.809413,52.375311],[11.809336,52.375292],[11.808679,52.375132],[11.808024,52.37497],[11.804903,52.374213],[11.803192,52.373797]]}},{"type":"Feature","properties":{"k":"road_minor"},"geometry":{"type":"LineString","coordinates":[[11.806602,52.382715],[11.807021,52.382754],[11.807668,52.382753],[11.809787,52.382759],[11.812781,52.382753],[11.814512,52.382738],[11.814812,52.382737],[11.815244,52.38274],[11.817176,52.38273],[11.820788,52.382732],[11.821597,52.382732],[11.823979,52.382728],[11.82797,52.38272],[11.828274,52.382762],[11.828415,52.382861],[11.82851,52.382954]]}},{"type":"Feature","properties":{"k":"road_minor"},"geometry":{"type":"LineString","coordinates":[[11.8128,52.386287],[11.8128,52.386123],[11.812796,52.385947],[11.812819,52.385656],[11.81282,52.385296],[11.812807,52.383388],[11.812781,52.382753]]}},{"type":"Feature","properties":{"k":"road_minor"},"geometry":{"type":"LineString","coordinates":[[11.828564,52.38624],[11.828566,52.386111],[11.828554,52.384254],[11.828547,52.384001],[11.82851,52.382954],[11.828529,52.382521],[11.828541,52.381586],[11.828536,52.381444],[11.828504,52.381308]]}},{"type":"Feature","properties":{"k":"road_minor"},"geometry":{"type":"LineString","coordinates":[[11.819799,52.375251],[11.821575,52.375628],[11.822581,52.375815],[11.824938,52.376303],[11.825193,52.376351],[11.825303,52.376208],[11.825848,52.375266],[11.825861,52.37523],[11.825858,52.375198],[11.825834,52.375137]]}},{"type":"Feature","properties":{"k":"road_minor"},"geometry":{"type":"LineString","coordinates":[[11.823456,52.375078],[11.820312,52.374383],[11.819799,52.375251],[11.819674,52.375467],[11.819218,52.376199],[11.818391,52.377498]]}},{"type":"Feature","properties":{"k":"road_minor"},"geometry":{"type":"LineString","coordinates":[[11.827386,52.376659],[11.827531,52.376658],[11.829193,52.377027],[11.830272,52.377266],[11.83073,52.377337],[11.831765,52.377416],[11.832984,52.377511],[11.833551,52.377554]]}},{"type":"Feature","properties":{"k":"road_minor"},"geometry":{"type":"LineString","coordinates":[[11.815781,52.376863],[11.815722,52.37678],[11.815701,52.376739],[11.815708,52.376688],[11.815759,52.376598],[11.816213,52.375885],[11.816921,52.374798]]}},{"type":"Feature","properties":{"k":"building"},"geometry":{"type":"Polygon","coordinates":[[[11.814319,52.38363],[11.814186,52.383518],[11.814372,52.383436],[11.814209,52.383298],[11.814079,52.383356],[11.814036,52.38332],[11.813783,52.383432],[11.81399,52.383606],[11.814106,52.383554],[11.814239,52.383665],[11.814059,52.383745],[11.814168,52.383837],[11.814201,52.383823],[11.814417,52.384005],[11.814471,52.384049],[11.814918,52.383851],[11.814648,52.383624],[11.814678,52.383611],[11.814569,52.383519],[11.814319,52.38363]]]}},{"type":"Feature","properties":{"k":"building"},"geometry":{"type":"Polygon","coordinates":[[[11.823072,52.381407],[11.823077,52.381402],[11.823084,52.381399],[11.823093,52.381397],[11.823102,52.381398],[11.82311,52.3814],[11.823116,52.381405],[11.823119,52.38141],[11.823118,52.381416],[11.823114,52.381421],[11.823107,52.381425],[11.823098,52.381426],[11.823088,52.381426],[11.82308,52.381423],[11.823074,52.381419],[11.823071,52.381413],[11.823072,52.381407]]]}},{"type":"Feature","properties":{"k":"building"},"geometry":{"type":"Polygon","coordinates":[[[11.828118,52.384453],[11.828121,52.384094],[11.828362,52.384094],[11.828359,52.384454],[11.828118,52.384453]]]}},{"type":"Feature","properties":{"k":"building"},"geometry":{"type":"Polygon","coordinates":[[[11.823628,52.384166],[11.823406,52.3841],[11.823116,52.384013],[11.823027,52.384124],[11.823539,52.384277],[11.823628,52.384166]]]}},{"type":"Feature","properties":{"k":"building"},"geometry":{"type":"Polygon","coordinates":[[[11.823018,52.381759],[11.823011,52.381869],[11.82346,52.381879],[11.823467,52.38177],[11.823367,52.381767],[11.823018,52.381759]]]}},{"type":"Feature","properties":{"k":"building"},"geometry":{"type":"Polygon","coordinates":[[[11.826714,52.380348],[11.82671,52.380346],[11.826694,52.380355],[11.826459,52.38019],[11.826317,52.380265],[11.826552,52.38043],[11.826531,52.380441],[11.826913,52.38071],[11.827095,52.380614],[11.827059,52.380589],[11.826758,52.380378],[11.826781,52.380365],[11.826739,52.380335],[11.826714,52.380348]]]}},{"type":"Feature","properties":{"k":"building"},"geometry":{"type":"Polygon","coordinates":[[[11.825551,52.380733],[11.825112,52.380734],[11.825112,52.380715],[11.824639,52.380716],[11.82464,52.3809],[11.825113,52.380898],[11.825113,52.380877],[11.825552,52.380875],[11.825551,52.380733]]]}},{"type":"Feature","properties":{"k":"building"},"geometry":{"type":"Polygon","coordinates":[[[11.814985,52.381087],[11.814983,52.380405],[11.814717,52.380401],[11.814717,52.380825],[11.814717,52.381089],[11.814985,52.381087]]]}},{"type":"Feature","properties":{"k":"building"},"geometry":{"type":"Polygon","coordinates":[[[11.818061,52.385389],[11.818064,52.385284],[11.81831,52.385286],[11.818307,52.385391],[11.818061,52.385389]]]}},{"type":"Feature","properties":{"k":"building"},"geometry":{"type":"Polygon","coordinates":[[[11.815436,52.380905],[11.815436,52.381075],[11.817674,52.381075],[11.817675,52.381062],[11.817675,52.380906],[11.815436,52.380905]]]}},{"type":"Feature","properties":{"k":"building"},"geometry":{"type":"Polygon","coordinates":[[[11.815026,52.383411],[11.81519,52.383337],[11.815303,52.383431],[11.815137,52.383504],[11.815026,52.383411]]]}},{"type":"Feature","properties":{"k":"building"},"geometry":{"type":"Polygon","coordinates":[[[11.821622,52.379189],[11.821624,52.379045],[11.822384,52.379046],[11.822382,52.37919],[11.822208,52.379189],[11.822208,52.379198],[11.822152,52.379199],[11.822152,52.379189],[11.821736,52.379189],[11.821622,52.379189]]]}},{"type":"Feature","properties":{"k":"building"},"geometry":{"type":"Polygon","coordinates":[[[11.82432,52.380985],[11.824333,52.380985],[11.824314,52.381225],[11.824138,52.38122],[11.824155,52.380982],[11.824172,52.380983],[11.824177,52.380934],[11.824321,52.38094],[11.82432,52.380985]]]}},{"type":"Feature","properties":{"k":"building"},"geometry":{"type":"Polygon","coordinates":[[[11.822386,52.379659],[11.822387,52.379515],[11.82237,52.379515],[11.821949,52.379514],[11.821851,52.379514],[11.821851,52.379503],[11.821801,52.379502],[11.821801,52.379514],[11.821621,52.379514],[11.82162,52.379657],[11.822386,52.379659]]]}},{"type":"Feature","properties":{"k":"building"},"geometry":{"type":"Polygon","coordinates":[[[11.837445,52.37979],[11.837348,52.380239],[11.837617,52.380261],[11.837714,52.379811],[11.837445,52.37979]]]}},{"type":"Feature","properties":{"k":"building"},"geometry":{"type":"Polygon","coordinates":[[[11.826083,52.38156],[11.825807,52.381559],[11.825804,52.382251],[11.826079,52.382251],[11.826083,52.38156]]]}},{"type":"Feature","properties":{"k":"building"},"geometry":{"type":"Polygon","coordinates":[[[11.834479,52.380673],[11.834397,52.381121],[11.834666,52.381139],[11.834747,52.380692],[11.834479,52.380673]]]}},{"type":"Feature","properties":{"k":"building"},"geometry":{"type":"Polygon","coordinates":[[[11.827077,52.382251],[11.827075,52.381795],[11.827347,52.381794],[11.827349,52.382105],[11.82735,52.38225],[11.827077,52.382251]]]}},{"type":"Feature","properties":{"k":"building"},"geometry":{"type":"Polygon","coordinates":[[[11.824424,52.381026],[11.824425,52.381195],[11.825546,52.381192],[11.825545,52.381023],[11.824424,52.381026]]]}},{"type":"Feature","properties":{"k":"building"},"geometry":{"type":"Polygon","coordinates":[[[11.826714,52.381559],[11.82644,52.381559],[11.826437,52.382252],[11.826712,52.382252],[11.826714,52.381559]]]}},{"type":"Feature","properties":{"k":"building"},"geometry":{"type":"Polygon","coordinates":[[[11.81666,52.381778],[11.817265,52.381776],[11.817264,52.381626],[11.816659,52.381628],[11.81666,52.381778]]]}},{"type":"Feature","properties":{"k":"building"},"geometry":{"type":"Polygon","coordinates":[[[11.827849,52.381521],[11.827848,52.381501],[11.827847,52.381433],[11.827867,52.381433],[11.827867,52.381413],[11.827959,52.381413],[11.827961,52.381521],[11.827849,52.381521]]]}},{"type":"Feature","properties":{"k":"building"},"geometry":{"type":"Polygon","coordinates":[[[11.816438,52.382915],[11.816538,52.382915],[11.816538,52.382965],[11.81644,52.382965],[11.816438,52.382915]]]}},{"type":"Feature","properties":{"k":"building"},"geometry":{"type":"Polygon","coordinates":[[[11.825731,52.381191],[11.82573,52.381023],[11.827234,52.381019],[11.827235,52.381187],[11.825731,52.381191]]]}},{"type":"Feature","properties":{"k":"building"},"geometry":{"type":"Polygon","coordinates":[[[11.825761,52.382619],[11.825761,52.382453],[11.827261,52.382453],[11.827261,52.382619],[11.825761,52.382619]]]}},{"type":"Feature","properties":{"k":"building"},"geometry":{"type":"Polygon","coordinates":[[[11.825377,52.381698],[11.825378,52.381561],[11.825057,52.381561],[11.825057,52.381614],[11.825097,52.381614],[11.825096,52.381836],[11.825055,52.381836],[11.825055,52.381893],[11.825375,52.381894],[11.825376,52.381752],[11.825411,52.381752],[11.825411,52.381698],[11.825377,52.381698]]]}},{"type":"Feature","properties":{"k":"building"},"geometry":{"type":"Polygon","coordinates":[[[11.834242,52.383482],[11.834754,52.38363],[11.834839,52.38352],[11.834327,52.383373],[11.834242,52.383482]]]}},{"type":"Feature","properties":{"k":"building"},"geometry":{"type":"Polygon","coordinates":[[[11.82231,52.378859],[11.822381,52.378752],[11.822075,52.378676],[11.822004,52.378783],[11.82231,52.378859]]]}},{"type":"Feature","properties":{"k":"building"},"geometry":{"type":"Polygon","coordinates":[[[11.815099,52.383185],[11.815098,52.383149],[11.815178,52.383148],[11.815179,52.383185],[11.815099,52.383185]]]}},{"type":"Feature","properties":{"k":"building"},"geometry":{"type":"Polygon","coordinates":[[[11.818198,52.381735],[11.818942,52.381736],[11.818942,52.381584],[11.818198,52.381583],[11.818198,52.381735]]]}},{"type":"Feature","properties":{"k":"building"},"geometry":{"type":"Polygon","coordinates":[[[11.817428,52.381775],[11.818036,52.381773],[11.818034,52.381622],[11.817427,52.381624],[11.817428,52.381775]]]}},{"type":"Feature","properties":{"k":"building"},"geometry":{"type":"Polygon","coordinates":[[[11.821938,52.380682],[11.821937,52.380597],[11.821937,52.380581],[11.822869,52.38058],[11.822869,52.38062],[11.822869,52.38068],[11.821938,52.380682]]]}},{"type":"Feature","properties":{"k":"building"},"geometry":{"type":"Polygon","coordinates":[[[11.824074,52.381198],[11.824093,52.38093],[11.823921,52.380924],[11.823901,52.381195],[11.824074,52.381198]]]}},{"type":"Feature","properties":{"k":"building"},"geometry":{"type":"Polygon","coordinates":[[[11.819157,52.378725],[11.819285,52.378556],[11.819443,52.378601],[11.819525,52.378493],[11.818951,52.378331],[11.818869,52.378439],[11.819025,52.378483],[11.818619,52.379018],[11.818876,52.379091],[11.819083,52.378817],[11.819133,52.378832],[11.819204,52.378738],[11.819157,52.378725]]]}},{"type":"Feature","properties":{"k":"building"},"geometry":{"type":"Polygon","coordinates":[[[11.823928,52.379824],[11.823946,52.379796],[11.824061,52.379622],[11.824068,52.379623],[11.824135,52.379522],[11.824307,52.379564],[11.824357,52.379489],[11.824751,52.379585],[11.824702,52.37966],[11.824877,52.379703],[11.82481,52.379805],[11.824815,52.379806],[11.824681,52.380009],[11.824419,52.379944],[11.82455,52.379746],[11.824321,52.37969],[11.824191,52.379888],[11.823928,52.379824]]]}},{"type":"Feature","properties":{"k":"building"},"geometry":{"type":"Polygon","coordinates":[[[11.827585,52.377153],[11.827337,52.377091],[11.82705,52.377514],[11.826921,52.377704],[11.826764,52.377936],[11.827012,52.377998],[11.827585,52.377153]]]}},{"type":"Feature","properties":{"k":"building"},"geometry":{"type":"Polygon","coordinates":[[[11.834194,52.37701],[11.834129,52.377321],[11.834401,52.377342],[11.834466,52.377031],[11.834194,52.37701]]]}},{"type":"Feature","properties":{"k":"building"},"geometry":{"type":"Polygon","coordinates":[[[11.824729,52.378602],[11.824593,52.378809],[11.824816,52.378864],[11.824949,52.378661],[11.824729,52.378602]]]}},{"type":"Feature","properties":{"k":"building"},"geometry":{"type":"Polygon","coordinates":[[[11.819472,52.376432],[11.819434,52.376492],[11.819313,52.376679],[11.819201,52.376851],[11.818833,52.377418],[11.819081,52.377478],[11.819164,52.377351],[11.81919,52.37731],[11.819202,52.377292],[11.819596,52.376685],[11.819607,52.376668],[11.819618,52.37665],[11.819721,52.376492],[11.819472,52.376432]]]}},{"type":"Feature","properties":{"k":"building"},"geometry":{"type":"Polygon","coordinates":[[[11.823288,52.378494],[11.823596,52.378022],[11.823375,52.377968],[11.823065,52.37844],[11.823288,52.378494]]]}},{"type":"Feature","properties":{"k":"building"},"geometry":{"type":"Polygon","coordinates":[[[11.823786,52.377329],[11.82348,52.377802],[11.823705,52.377856],[11.82401,52.377383],[11.823786,52.377329]]]}},{"type":"Feature","properties":{"k":"building"},"geometry":{"type":"Polygon","coordinates":[[[11.822802,52.37838],[11.82289,52.378242],[11.8221,52.378052],[11.822015,52.378189],[11.822802,52.37838]]]}},{"type":"Feature","properties":{"k":"building"},"geometry":{"type":"Polygon","coordinates":[[[11.825316,52.3777],[11.825009,52.378172],[11.825232,52.378226],[11.82554,52.377754],[11.825316,52.3777]]]}},{"type":"Feature","properties":{"k":"building"},"geometry":{"type":"Polygon","coordinates":[[[11.823641,52.378424],[11.823553,52.37856],[11.824327,52.378748],[11.824415,52.378611],[11.823641,52.378424]]]}},{"type":"Feature","properties":{"k":"building"},"geometry":{"type":"Polygon","coordinates":[[[11.823918,52.382952],[11.823919,52.382926],[11.82389,52.382926],[11.823888,52.382951],[11.823918,52.382952]]]}},{"type":"Feature","properties":{"k":"building"},"geometry":{"type":"Polygon","coordinates":[[[11.828568,52.377405],[11.828002,52.378247],[11.828254,52.37831],[11.828819,52.377467],[11.828568,52.377405]]]}},{"type":"Feature","properties":{"k":"building"},"geometry":{"type":"Polygon","coordinates":[[[11.828724,52.385042],[11.828826,52.385041],[11.828827,52.38513],[11.828726,52.385131],[11.828724,52.385042]]]}},{"type":"Feature","properties":{"k":"building"},"geometry":{"type":"Polygon","coordinates":[[[11.820429,52.377804],[11.820675,52.377864],[11.821317,52.376879],[11.821071,52.376819],[11.820967,52.376979],[11.820941,52.377018],[11.820558,52.377607],[11.820531,52.377649],[11.820429,52.377804]]]}},{"type":"Feature","properties":{"k":"building"},"geometry":{"type":"Polygon","coordinates":[[[11.823287,52.378971],[11.823431,52.379006],[11.823463,52.379014],[11.823873,52.379115],[11.823911,52.379124],[11.824059,52.379161],[11.823969,52.379296],[11.823198,52.379107],[11.823287,52.378971]]]}},{"type":"Feature","properties":{"k":"building"},"geometry":{"type":"Polygon","coordinates":[[[11.82694,52.385439],[11.826938,52.385384],[11.827048,52.385384],[11.82705,52.385436],[11.82703,52.385452],[11.826967,52.385453],[11.82694,52.385439]]]}},{"type":"Feature","properties":{"k":"track"},"geometry":{"type":"LineString","coordinates":[[11.82119,52.381415],[11.821251,52.381423],[11.821303,52.381436],[11.821392,52.381441],[11.821653,52.381434],[11.82218,52.381407],[11.822371,52.381416],[11.822673,52.381457],[11.823042,52.381501],[11.823482,52.381549]]}},{"type":"Feature","properties":{"k":"track"},"geometry":{"type":"LineString","coordinates":[[11.828554,52.384254],[11.828737,52.384149],[11.83039,52.383343],[11.831967,52.38267],[11.832039,52.382645],[11.833025,52.382212],[11.833426,52.381907]]}},{"type":"Feature","properties":{"k":"road_minor"},"geometry":{"type":"LineString","coordinates":[[11.814512,52.382738],[11.81469,52.382653],[11.81506,52.3824],[11.815284,52.382226],[11.815389,52.38214],[11.815432,52.382078]]}},{"type":"Feature","properties":{"k":"path"},"geometry":{"type":"LineString","coordinates":[[11.824398,52.378962],[11.824253,52.379171],[11.823773,52.379917]]}},{"type":"Feature","properties":{"k":"track"},"geometry":{"type":"LineString","coordinates":[[11.826,52.386249],[11.825979,52.385838],[11.825947,52.385174],[11.825984,52.384772],[11.825995,52.384653],[11.82599,52.384404],[11.82584,52.38429],[11.825255,52.384169],[11.824366,52.384002],[11.824187,52.383969],[11.823971,52.383931]]}},{"type":"Feature","properties":{"k":"path"},"geometry":{"type":"LineString","coordinates":[[11.836519,52.386217],[11.836554,52.386071],[11.836538,52.38574],[11.836479,52.385524],[11.8365,52.385197],[11.836465,52.385062],[11.836465,52.38499],[11.836497,52.384578],[11.836495,52.384336],[11.836497,52.383957],[11.836521,52.383671],[11.836508,52.383376],[11.836452,52.383018],[11.836466,52.382933],[11.836454,52.382759],[11.836578,52.382559],[11.836626,52.382206],[11.836661,52.382044],[11.836787,52.381459],[11.837043,52.380391],[11.837174,52.379774]]}},{"type":"Feature","properties":{"k":"track"},"geometry":{"type":"LineString","coordinates":[[11.833426,52.381907],[11.833708,52.381915],[11.833987,52.381757],[11.834122,52.381685],[11.834192,52.381598],[11.834267,52.381387],[11.834283,52.381273],[11.834303,52.381138],[11.834305,52.381027],[11.834353,52.380758],[11.83439,52.380622],[11.834431,52.380535],[11.834428,52.38046],[11.834385,52.38037],[11.834423,52.380241],[11.834494,52.380009],[11.834562,52.379868],[11.834527,52.379629],[11.83447,52.379436],[11.834422,52.379191],[11.834404,52.379145],[11.83438,52.379083],[11.834085,52.379085],[11.832433,52.379029],[11.832204,52.379023]]}},{"type":"Feature","properties":{"k":"path"},"geometry":{"type":"LineString","coordinates":[[11.832599,52.386228],[11.832636,52.385311],[11.832652,52.38447],[11.832615,52.384031],[11.832604,52.383488],[11.833791,52.383173],[11.834621,52.382954],[11.834879,52.382937],[11.83585,52.382937],[11.836466,52.382933],[11.837239,52.382908],[11.837754,52.382856],[11.838312,52.382928],[11.83909,52.383088],[11.839873,52.383363],[11.840737,52.383687],[11.840747,52.384021],[11.840774,52.384417],[11.840758,52.384895],[11.840737,52.385377],[11.840758,52.385737],[11.840758,52.386203]]}},{"type":"Feature","properties":{"k":"track"},"geometry":{"type":"LineString","coordinates":[[11.830473,52.380236],[11.830498,52.380146],[11.830545,52.380018],[11.830582,52.37995],[11.830737,52.379809],[11.830769,52.379632],[11.830802,52.379465],[11.830904,52.379337],[11.831015,52.379289],[11.831129,52.379282],[11.831472,52.379265],[11.831761,52.379226],[11.83204,52.379125],[11.832204,52.379023],[11.832276,52.378879],[11.832314,52.378738],[11.83234,52.378655],[11.832323,52.378586],[11.832264,52.378515]]}},{"type":"Feature","properties":{"k":"path"},"geometry":{"type":"LineString","coordinates":[[11.825984,52.384772],[11.825898,52.384664],[11.825662,52.384602],[11.825115,52.384553]]}},{"type":"Feature","properties":{"k":"road_minor"},"geometry":{"type":"LineString","coordinates":[[11.814812,52.382737],[11.814797,52.382832],[11.814677,52.382938],[11.814451,52.383061],[11.813985,52.383263],[11.813631,52.383427],[11.81352,52.38353],[11.813534,52.383617]]}},{"type":"Feature","properties":{"k":"path"},"geometry":{"type":"LineString","coordinates":[[11.819156,52.384244],[11.819188,52.384837],[11.819182,52.385509],[11.819182,52.385604]]}},{"type":"Feature","properties":{"k":"road_minor"},"geometry":{"type":"LineString","coordinates":[[11.817176,52.38273],[11.817172,52.38241],[11.817154,52.382264],[11.817066,52.38213],[11.816979,52.382068],[11.816858,52.382015],[11.81571,52.382021],[11.815556,52.382035],[11.815432,52.382078]]}},{"type":"Feature","properties":{"k":"track"},"geometry":{"type":"LineString","coordinates":[[11.832686,52.378082],[11.832223,52.37797],[11.83189,52.377882],[11.831674,52.377824],[11.831765,52.377416]]}},{"type":"Feature","properties":{"k":"track"},"geometry":{"type":"LineString","coordinates":[[11.824366,52.384002],[11.82431,52.383797],[11.824209,52.383607],[11.8242,52.383583],[11.824124,52.383388],[11.824,52.383182],[11.82394,52.38309],[11.823947,52.383001],[11.823989,52.38291],[11.823979,52.382728]]}},{"type":"Feature","properties":{"k":"track"},"geometry":{"type":"LineString","coordinates":[[11.829805,52.381435],[11.830027,52.381257],[11.830138,52.381152],[11.830213,52.38101],[11.830317,52.380852],[11.830371,52.380745],[11.830442,52.380499],[11.830444,52.380365],[11.830473,52.380236]]}},{"type":"Feature","properties":{"k":"track"},"geometry":{"type":"LineString","coordinates":[[11.832264,52.378515],[11.832396,52.378428],[11.832624,52.37829],[11.832695,52.378228],[11.832723,52.378183],[11.832733,52.378138],[11.832722,52.378102],[11.832686,52.378082]]}},{"type":"Feature","properties":{"k":"track"},"geometry":{"type":"LineString","coordinates":[[11.82599,52.384404],[11.82607,52.384255],[11.826365,52.38416],[11.826681,52.384104],[11.827062,52.384075],[11.827647,52.384039],[11.828333,52.383993],[11.828547,52.384001]]}},{"type":"Feature","properties":{"k":"track"},"geometry":{"type":"LineString","coordinates":[[11.828536,52.381444],[11.829805,52.381435],[11.830354,52.381459],[11.830536,52.38149],[11.830777,52.381543],[11.831004,52.381588],[11.831221,52.381611],[11.831629,52.381636],[11.832029,52.381648],[11.832347,52.381648],[11.832802,52.381685],[11.833011,52.381735],[11.833271,52.381817],[11.833426,52.381907]]}},{"type":"Feature","properties":{"k":"track"},"geometry":{"type":"LineString","coordinates":[[11.834385,52.38037],[11.834133,52.38044],[11.833986,52.380463],[11.833815,52.380459],[11.833618,52.38045],[11.833346,52.380456],[11.83302,52.380446],[11.832222,52.380383],[11.831646,52.380341],[11.83132,52.380312],[11.831157,52.380287],[11.831023,52.380244],[11.830545,52.380018],[11.827769,52.378758],[11.827057,52.378459],[11.826745,52.37829],[11.826568,52.378213],[11.826474,52.378184],[11.826382,52.378165]]}},{"type":"Feature","properties":{"k":"building"},"geometry":{"type":"Polygon","coordinates":[[[11.825351,52.379478],[11.825264,52.379609],[11.825898,52.379765],[11.825985,52.379634],[11.825796,52.379588],[11.825351,52.379478]]]}},{"type":"Feature","properties":{"k":"barrier"},"geometry":{"type":"LineString","coordinates":[[11.832735,52.37616],[11.833584,52.376167],[11.834094,52.376164],[11.835225,52.376158],[11.835215,52.376522],[11.835211,52.37665],[11.835093,52.377174],[11.834922,52.377991],[11.834852,52.378354]]}},{"type":"Feature","properties":{"k":"path"},"geometry":{"type":"LineString","coordinates":[[11.828434,52.381002],[11.828323,52.380741],[11.828229,52.380565],[11.828253,52.380425]]}},{"type":"Feature","properties":{"k":"building"},"geometry":{"type":"Polygon","coordinates":[[[11.830963,52.380057],[11.831144,52.380011],[11.831053,52.379876],[11.830872,52.379922],[11.830963,52.380057]]]}},{"type":"Feature","properties":{"k":"track"},"geometry":{"type":"LineString","coordinates":[[11.83073,52.377337],[11.830778,52.377242],[11.830838,52.377127],[11.830963,52.37698],[11.831073,52.376759],[11.831219,52.376603],[11.831248,52.376535],[11.831254,52.376476],[11.831243,52.376409],[11.831148,52.376326],[11.831034,52.376268],[11.830898,52.376218],[11.830583,52.376173],[11.8302,52.376131],[11.83001,52.376136],[11.829875,52.376154],[11.829728,52.376237],[11.829642,52.376324],[11.829554,52.37643],[11.829463,52.376568],[11.829423,52.376682],[11.829372,52.376791],[11.829299,52.376911],[11.829236,52.376985],[11.829193,52.377027]]}},{"type":"Feature","properties":{"k":"railway"},"geometry":{"type":"LineString","coordinates":[[11.79047,52.38294],[11.792218,52.382625],[11.794391,52.382266],[11.795599,52.382084],[11.796195,52.382008],[11.797971,52.381891],[11.799797,52.381876],[11.801729,52.381882],[11.803352,52.381885],[11.806584,52.381885],[11.809957,52.381876],[11.813095,52.381868],[11.816533,52.381845]]}},{"type":"Feature","properties":{"k":"track"},"geometry":{"type":"LineString","coordinates":[[11.825687,52.379245],[11.825923,52.379271],[11.826635,52.379316],[11.827004,52.379306]]}},{"type":"Feature","properties":{"k":"track"},"geometry":{"type":"LineString","coordinates":[[11.825687,52.379245],[11.825593,52.379483],[11.825832,52.379546],[11.826007,52.379585],[11.826108,52.379627],[11.826176,52.379684],[11.82628,52.379822],[11.826411,52.380038],[11.826549,52.380146],[11.827181,52.380581],[11.827303,52.380622],[11.827576,52.380658],[11.827726,52.380708],[11.827998,52.38088],[11.828245,52.380949],[11.828434,52.381002]]}},{"type":"Feature","properties":{"k":"track"},"geometry":{"type":"LineString","coordinates":[[11.827303,52.380622],[11.827235,52.380681],[11.827137,52.380736],[11.826989,52.380842],[11.826824,52.380877],[11.826654,52.380907],[11.826285,52.380923],[11.825958,52.380967],[11.825785,52.380964]]}},{"type":"Feature","properties":{"k":"track"},"geometry":{"type":"LineString","coordinates":[[11.824668,52.38169],[11.824788,52.381709],[11.824922,52.381693],[11.825027,52.381626],[11.825031,52.38145],[11.825133,52.381335],[11.825628,52.381335],[11.825759,52.381443],[11.826419,52.381457],[11.826803,52.381486],[11.827185,52.381527]]}},{"type":"Feature","properties":{"k":"track"},"geometry":{"type":"LineString","coordinates":[[11.825628,52.381335],[11.825629,52.380961]]}},{"type":"Feature","properties":{"k":"barrier"},"geometry":{"type":"LineString","coordinates":[[11.82573,52.381023],[11.825671,52.381024]]}},{"type":"Feature","properties":{"k":"track"},"geometry":{"type":"LineString","coordinates":[[11.831967,52.38267],[11.832126,52.382711],[11.832254,52.382782],[11.832399,52.382839],[11.832502,52.382868],[11.832615,52.382868],[11.832768,52.382822],[11.832884,52.382833],[11.833032,52.382839],[11.833138,52.3828],[11.833282,52.382722],[11.833394,52.382674],[11.833508,52.382661],[11.833617,52.382719],[11.833697,52.382905],[11.833801,52.383112],[11.833791,52.383173],[11.833787,52.3832],[11.833842,52.383288],[11.834089,52.38337],[11.834191,52.383393]]}},{"type":"Feature","properties":{"k":"path"},"geometry":{"type":"LineString","coordinates":[[11.825133,52.381335],[11.823982,52.381327],[11.823843,52.3813],[11.823633,52.381202],[11.823607,52.381081],[11.823623,52.380862],[11.823462,52.38075],[11.823301,52.380629],[11.823113,52.380465],[11.822974,52.380433],[11.822823,52.380426],[11.822845,52.380213],[11.822836,52.380111]]}},{"type":"Feature","properties":{"k":"track"},"geometry":{"type":"LineString","coordinates":[[11.822874,52.379935],[11.823215,52.379833],[11.823644,52.379866],[11.823773,52.379917],[11.823905,52.38001],[11.823917,52.380073],[11.823911,52.380257],[11.823896,52.380446],[11.823886,52.380565],[11.82388,52.380633],[11.823838,52.380711],[11.823808,52.380837],[11.823856,52.380923],[11.823877,52.381029],[11.823867,52.381123]]}},{"type":"Feature","properties":{"k":"track"},"geometry":{"type":"LineString","coordinates":[[11.825593,52.379483],[11.824253,52.379171]]}},{"type":"Feature","properties":{"k":"track"},"geometry":{"type":"LineString","coordinates":[[11.821177,52.380115],[11.82273,52.380125],[11.822836,52.380111],[11.822877,52.380058],[11.822874,52.379935]]}},{"type":"Feature","properties":{"k":"building"},"geometry":{"type":"Polygon","coordinates":[[[11.819943,52.379935],[11.820129,52.379934],[11.820129,52.379864],[11.819943,52.379864],[11.819943,52.379935]]]}},{"type":"Feature","properties":{"k":"building"},"geometry":{"type":"Polygon","coordinates":[[[11.816605,52.380069],[11.816781,52.380064],[11.816766,52.379847],[11.81659,52.379851],[11.816605,52.380069]]]}},{"type":"Feature","properties":{"k":"building"},"geometry":{"type":"Polygon","coordinates":[[[11.817089,52.378003],[11.817293,52.378088],[11.817448,52.378006],[11.817448,52.377908],[11.817271,52.377839],[11.817094,52.377915],[11.817089,52.378003]]]}},{"type":"Feature","properties":{"k":"track"},"geometry":{"type":"LineString","coordinates":[[11.815315,52.380209],[11.815299,52.380035],[11.815306,52.379838],[11.81533,52.379684],[11.815368,52.379598],[11.815414,52.379519],[11.815433,52.379373],[11.815475,52.37921],[11.816322,52.377967]]}},{"type":"Feature","properties":{"k":"track"},"geometry":{"type":"LineString","coordinates":[[11.81538,52.38124],[11.815343,52.381091],[11.815307,52.380931],[11.815299,52.380816],[11.815315,52.380209],[11.816906,52.380213]]}},{"type":"Feature","properties":{"k":"track"},"geometry":{"type":"LineString","coordinates":[[11.815432,52.382078],[11.815426,52.381418],[11.81538,52.38124],[11.817856,52.381261]]}},{"type":"Feature","properties":{"k":"track"},"geometry":{"type":"LineString","coordinates":[[11.815299,52.380816],[11.817673,52.380819],[11.818244,52.38033],[11.818383,52.380297],[11.821182,52.380232]]}},{"type":"Feature","properties":{"k":"building"},"geometry":{"type":"Polygon","coordinates":[[[11.826482,52.377782],[11.825943,52.377651],[11.82603,52.377517],[11.826569,52.377648],[11.826482,52.377782]]]}},{"type":"Feature","properties":{"k":"path"},"geometry":{"type":"LineString","coordinates":[[11.83438,52.379083],[11.834336,52.378955],[11.834285,52.378861],[11.834219,52.378793],[11.834079,52.378738],[11.833977,52.378701],[11.833843,52.37862],[11.833649,52.378332],[11.833491,52.378251],[11.833297,52.378201],[11.83295,52.378142],[11.832722,52.378102]]}},{"type":"Feature","properties":{"k":"building"},"geometry":{"type":"Polygon","coordinates":[[[11.816354,52.377285],[11.816668,52.377361],[11.816598,52.377469],[11.816284,52.377393],[11.816354,52.377285]]]}},{"type":"Feature","properties":{"k":"building"},"geometry":{"type":"Polygon","coordinates":[[[11.815489,52.37769],[11.815674,52.377734],[11.816016,52.377204],[11.815831,52.377159],[11.815489,52.37769]]]}},{"type":"Feature","properties":{"k":"building"},"geometry":{"type":"Polygon","coordinates":[[[11.815436,52.377061],[11.815251,52.377017],[11.814907,52.377548],[11.815093,52.377593],[11.815436,52.377061]]]}},{"type":"Feature","properties":{"k":"track"},"geometry":{"type":"LineString","coordinates":[[11.813038,52.377761],[11.813247,52.377688],[11.813485,52.377582],[11.813903,52.377378],[11.814367,52.377118],[11.814498,52.377033],[11.814647,52.376893],[11.814883,52.376646]]}},{"type":"Feature","properties":{"k":"road_minor"},"geometry":{"type":"LineString","coordinates":[[11.819616,52.377797],[11.819474,52.378016],[11.819552,52.378035],[11.819333,52.378364],[11.819158,52.378321],[11.819377,52.377992],[11.819474,52.378016]]}},{"type":"Feature","properties":{"k":"track"},"geometry":{"type":"LineString","coordinates":[[11.81506,52.3824],[11.815073,52.382533],[11.815158,52.382657],[11.815244,52.38274]]}},{"type":"Feature","properties":{"k":"road_minor"},"geometry":{"type":"LineString","coordinates":[[11.813534,52.383617],[11.814181,52.38416],[11.814602,52.384504],[11.814806,52.38448],[11.81513,52.384391],[11.815352,52.384429],[11.815578,52.384606]]}},{"type":"Feature","properties":{"k":"track"},"geometry":{"type":"LineString","coordinates":[[11.8242,52.383583],[11.823971,52.383931],[11.823731,52.384169],[11.823522,52.384401]]}},{"type":"Feature","properties":{"k":"track"},"geometry":{"type":"LineString","coordinates":[[11.832039,52.382645],[11.831966,52.382585],[11.831886,52.382528],[11.831755,52.382493],[11.829947,52.38256]]}},{"type":"Feature","properties":{"k":"track"},"geometry":{"type":"LineString","coordinates":[[11.832264,52.378515],[11.832183,52.378498],[11.831961,52.378411],[11.831801,52.378369],[11.831711,52.378325],[11.831637,52.378263],[11.831621,52.378187],[11.831674,52.377824],[11.83033,52.377725],[11.82971,52.377676],[11.829484,52.377641]]}},{"type":"Feature","properties":{"k":"path"},"geometry":{"type":"LineString","coordinates":[[11.832686,52.378082],[11.832762,52.377933],[11.832797,52.377759],[11.832819,52.37768],[11.832984,52.377511]]}},{"type":"Feature","properties":{"k":"path"},"geometry":{"type":"LineString","coordinates":[[11.823971,52.383931],[11.823066,52.383772],[11.822455,52.383841],[11.820717,52.384044],[11.819638,52.384185],[11.819156,52.384244],[11.818088,52.384214],[11.816527,52.384234],[11.815733,52.384532],[11.815578,52.384606],[11.814612,52.385069],[11.813383,52.385573],[11.812796,52.385947]]}},{"type":"Feature","properties":{"k":"track"},"geometry":{"type":"LineString","coordinates":[[11.827386,52.376659],[11.827284,52.376603],[11.825303,52.376208]]}},{"type":"Feature","properties":{"k":"building"},"geometry":{"type":"Polygon","coordinates":[[[11.833649,52.379298],[11.833742,52.379298],[11.833741,52.37924],[11.833647,52.379241],[11.833649,52.379298]]]}},{"type":"Feature","properties":{"k":"grass"},"geometry":{"type":"Polygon","coordinates":[[[11.830966,52.376222],[11.830751,52.376175],[11.830462,52.376139],[11.83029,52.376121],[11.830115,52.376114],[11.829994,52.376119],[11.829843,52.376146],[11.829722,52.376212],[11.829645,52.376293],[11.829585,52.376273],[11.829504,52.376289],[11.829455,52.376316],[11.829333,52.376384],[11.829206,52.376385],[11.829096,52.376354],[11.829053,52.376249],[11.829085,52.376059],[11.829119,52.376026],[11.829285,52.375964],[11.829357,52.375837],[11.829412,52.375796],[11.829527,52.375783],[11.829589,52.37582],[11.829564,52.375887],[11.82964,52.375889],[11.829718,52.375853],[11.829763,52.375783],[11.829671,52.375729],[11.829622,52.375694],[11.829537,52.375678],[11.829478,52.375647],[11.829419,52.375584],[11.829431,52.375504],[11.829495,52.375444],[11.829548,52.37537],[11.82962,52.375354],[11.829688,52.375375],[11.829763,52.375405],[11.829809,52.375474],[11.829912,52.375446],[11.829996,52.375422],[11.830109,52.375518],[11.830152,52.375594],[11.830205,52.375667],[11.830335,52.375701],[11.831076,52.375805],[11.831114,52.375858],[11.831146,52.375924],[11.831178,52.375993],[11.83115,52.376123],[11.831097,52.376187],[11.830966,52.376222]]]}},{"type":"Feature","properties":{"k":"building"},"geometry":{"type":"Polygon","coordinates":[[[11.82352,52.381385],[11.823527,52.381266],[11.822904,52.381254],[11.822898,52.381373],[11.82352,52.381385]]]}},{"type":"Feature","properties":{"k":"water"},"geometry":{"type":"Polygon","coordinates":[[[11.820087,52.379682],[11.8199,52.379681],[11.819902,52.379367],[11.82009,52.379368],[11.820089,52.379422],[11.820087,52.379682]]]}},{"type":"Feature","properties":{"k":"road_minor"},"geometry":{"type":"LineString","coordinates":[[11.807668,52.382753],[11.80766,52.38258],[11.807723,52.382443],[11.807872,52.382318],[11.808289,52.382275],[11.808852,52.382285],[11.809099,52.382386],[11.809658,52.382695],[11.809787,52.382759]]}},{"type":"Feature","properties":{"k":"path"},"geometry":{"type":"LineString","coordinates":[[11.822874,52.379935],[11.822807,52.379871],[11.822673,52.379804],[11.82263,52.379542],[11.822618,52.379486],[11.822598,52.379391],[11.822362,52.379352]]}},{"type":"Feature","properties":{"k":"building"},"geometry":{"type":"Polygon","coordinates":[[[11.823643,52.375948],[11.824979,52.376237],[11.825045,52.376252],[11.825137,52.376093],[11.824856,52.376032],[11.823735,52.37579],[11.823643,52.375948]]]}},{"type":"Feature","properties":{"k":"road_minor"},"geometry":{"type":"LineString","coordinates":[[11.819377,52.37774],[11.819442,52.377633]]}},{"type":"Feature","properties":{"k":"road_minor"},"geometry":{"type":"LineString","coordinates":[[11.819918,52.377871],[11.819991,52.377764]]}},{"type":"Feature","properties":{"k":"building"},"geometry":{"type":"Polygon","coordinates":[[[11.817789,52.375517],[11.8177,52.375654],[11.819027,52.375977],[11.819136,52.376003],[11.819225,52.375866],[11.817789,52.375517]]]}},{"type":"Feature","properties":{"k":"building"},"geometry":{"type":"Polygon","coordinates":[[[11.821142,52.376308],[11.820795,52.376224],[11.82087,52.376107],[11.821003,52.375901],[11.820787,52.375849],[11.820622,52.376101],[11.820593,52.376146],[11.820576,52.376172],[11.820233,52.37609],[11.820197,52.376146],[11.820132,52.376247],[11.8202,52.376263],[11.820986,52.376454],[11.821041,52.376468],[11.821142,52.376308]]]}},{"type":"Feature","properties":{"k":"building"},"geometry":{"type":"Polygon","coordinates":[[[11.822534,52.376373],[11.821779,52.376191],[11.821758,52.376224],[11.821726,52.376273],[11.821768,52.376283],[11.821737,52.376332],[11.821808,52.376349],[11.821955,52.376384],[11.821985,52.376337],[11.82248,52.376456],[11.822534,52.376373]]]}},{"type":"Feature","properties":{"k":"water"},"geometry":{"type":"Polygon","coordinates":[[[11.822632,52.376347],[11.822854,52.376398],[11.822923,52.376288],[11.822701,52.376236],[11.822632,52.376347]]]}},{"type":"Feature","properties":{"k":"building"},"geometry":{"type":"Polygon","coordinates":[[[11.823896,52.376778],[11.823996,52.376623],[11.823309,52.376457],[11.823207,52.376612],[11.823896,52.376778]]]}},{"type":"Feature","properties":{"k":"building"},"geometry":{"type":"Polygon","coordinates":[[[11.824405,52.376723],[11.82431,52.376875],[11.825008,52.377038],[11.825103,52.376887],[11.824405,52.376723]]]}},{"type":"Feature","properties":{"k":"building"},"geometry":{"type":"Polygon","coordinates":[[[11.824641,52.377348],[11.825081,52.377445],[11.825139,52.377346],[11.824699,52.37725],[11.824641,52.377348]]]}},{"type":"Feature","properties":{"k":"building"},"geometry":{"type":"Polygon","coordinates":[[[11.826524,52.376004],[11.826399,52.376207],[11.826327,52.37619],[11.826311,52.376216],[11.826295,52.376243],[11.826625,52.376318],[11.82666,52.376261],[11.826665,52.376262],[11.826789,52.376061],[11.826779,52.376059],[11.826808,52.376011],[11.826674,52.37598],[11.826471,52.375933],[11.82644,52.375985],[11.826524,52.376004]]]}},{"type":"Feature","properties":{"k":"grass"},"geometry":{"type":"Polygon","coordinates":[[[11.832124,52.375983],[11.832113,52.376063],[11.832034,52.376126],[11.831918,52.376199],[11.831837,52.376271],[11.831947,52.376308],[11.832094,52.376303],[11.832155,52.376232],[11.832203,52.376216],[11.832304,52.376244],[11.832387,52.376278],[11.832421,52.376333],[11.832476,52.376372],[11.832559,52.376375],[11.832631,52.376339],[11.832835,52.376324],[11.832978,52.376274],[11.832974,52.376338],[11.832988,52.376394],[11.833116,52.376448],[11.833292,52.376423],[11.833322,52.37631],[11.833448,52.376343],[11.833507,52.376368],[11.833545,52.376325],[11.833559,52.376294],[11.833552,52.376244],[11.833584,52.376167],[11.834094,52.376164],[11.834164,52.376233],[11.834244,52.376274],[11.834262,52.376348],[11.834257,52.376387],[11.834287,52.376415],[11.834406,52.376363],[11.834457,52.376371],[11.834574,52.376415],[11.834697,52.376438],[11.834703,52.376521],[11.834829,52.37655],[11.834997,52.37653],[11.835215,52.376522],[11.835418,52.376508],[11.835792,52.376462],[11.836163,52.376386],[11.83625,52.376384],[11.836121,52.376471],[11.836053,52.37655],[11.835981,52.376619],[11.83586,52.376642],[11.83557,52.376617],[11.835381,52.376608],[11.835211,52.37665],[11.835029,52.376636],[11.834867,52.376648],[11.834591,52.376715],[11.834278,52.376726],[11.834043,52.37676],[11.833854,52.376778],[11.833732,52.376774],[11.833608,52.376777],[11.833342,52.37678],[11.833278,52.376836],[11.833107,52.376865],[11.833005,52.37691],[11.833003,52.376853],[11.833014,52.376761],[11.83304,52.376679],[11.833069,52.376667],[11.83321,52.376647],[11.83336,52.376634],[11.833373,52.376602],[11.833275,52.376603],[11.833012,52.376621],[11.832835,52.376654],[11.832168,52.376816],[11.832019,52.376859],[11.832,52.376887],[11.831956,52.376951],[11.83192,52.376989],[11.831869,52.376996],[11.831165,52.376957],[11.831119,52.376944],[11.831082,52.376913],[11.831057,52.376862],[11.831061,52.376828],[11.831093,52.376778],[11.831161,52.376703],[11.831223,52.376634],[11.831274,52.376556],[11.831282,52.376484],[11.831274,52.376422],[11.831199,52.376333],[11.831408,52.376331],[11.831503,52.376307],[11.831586,52.37628],[11.83162,52.376232],[11.831611,52.376204],[11.831557,52.376178],[11.831479,52.376025],[11.831561,52.376006],[11.831701,52.376003],[11.831799,52.375911],[11.831905,52.375812],[11.832056,52.37566],[11.832166,52.375609],[11.832241,52.375604],[11.83239,52.375634],[11.832468,52.37558],[11.832565,52.375483],[11.832627,52.37536],[11.832689,52.375226],[11.832862,52.375199],[11.832901,52.375005],[11.832665,52.374698],[11.832783,52.374027],[11.832956,52.373896],[11.833334,52.374031],[11.835135,52.373848],[11.835338,52.373945],[11.835528,52.374036],[11.835379,52.374156],[11.834915,52.374381],[11.834986,52.374631],[11.835371,52.374602],[11.835859,52.374631],[11.836071,52.374789],[11.836692,52.374741],[11.836787,52.37503],[11.833247,52.375438],[11.833147,52.375407],[11.833079,52.375407],[11.833135,52.375506],[11.833192,52.37568],[11.833095,52.375725],[11.833026,52.375607],[11.832976,52.375573],[11.832792,52.375413],[11.832752,52.375421],[11.832667,52.37555],[11.832724,52.37564],[11.832939,52.37571],[11.832983,52.375786],[11.832789,52.375855],[11.832527,52.375864],[11.832271,52.3759],[11.832124,52.375983]]]}},{"type":"Feature","properties":{"k":"grass"},"geometry":{"type":"Polygon","coordinates":[[[11.83395,52.380479],[11.833985,52.380517],[11.834031,52.380602],[11.834021,52.380714],[11.833992,52.380897],[11.833978,52.381056],[11.833926,52.381263],[11.833866,52.381352],[11.833847,52.381428],[11.833868,52.38148],[11.834001,52.381541],[11.834111,52.381622],[11.834191,52.381648],[11.834151,52.38183],[11.834107,52.381886],[11.834046,52.381961],[11.833992,52.382029],[11.83378,52.38215],[11.833197,52.38231],[11.832941,52.382071],[11.832728,52.381872],[11.832932,52.381742],[11.832986,52.381708],[11.833342,52.381483],[11.833369,52.3814],[11.833541,52.381271],[11.83369,52.381293],[11.833758,52.381431],[11.833842,52.381226],[11.833871,52.381168],[11.833858,52.381117],[11.833858,52.381022],[11.833903,52.380822],[11.833922,52.380707],[11.833922,52.380611],[11.833857,52.380507],[11.833779,52.380488],[11.833729,52.380485],[11.833801,52.380477],[11.83395,52.380479]]]}},{"type":"Feature","properties":{"k":"grass"},"geometry":{"type":"Polygon","coordinates":[[[11.827704,52.38076],[11.827624,52.380778],[11.827692,52.380827],[11.827705,52.380896],[11.827616,52.380909],[11.827493,52.380819],[11.827437,52.380704],[11.827292,52.380713],[11.827117,52.380806],[11.827051,52.380897],[11.826809,52.380854],[11.826604,52.380887],[11.826459,52.380874],[11.826392,52.38085],[11.826311,52.380731],[11.826212,52.380731],[11.826139,52.380772],[11.826099,52.380874],[11.826,52.380901],[11.825754,52.380914],[11.825682,52.380843],[11.825671,52.380726],[11.825637,52.380674],[11.825548,52.380645],[11.82517,52.38064],[11.824626,52.380658],[11.824506,52.38073],[11.824495,52.380803],[11.824481,52.380897],[11.824383,52.380923],[11.824357,52.380936],[11.824321,52.38094],[11.82432,52.380985],[11.824333,52.380985],[11.824314,52.381225],[11.824138,52.38122],[11.824155,52.380982],[11.824172,52.380983],[11.824177,52.380934],[11.824093,52.38093],[11.824074,52.381198],[11.823901,52.381195],[11.823921,52.380924],[11.823894,52.380964],[11.823851,52.380986],[11.823832,52.381034],[11.823837,52.381108],[11.823855,52.381194],[11.823873,52.381249],[11.823915,52.381289],[11.823914,52.381347],[11.823967,52.381356],[11.824142,52.381352],[11.824231,52.381343],[11.824303,52.381357],[11.824326,52.381379],[11.824432,52.381377],[11.824491,52.381369],[11.824513,52.381321],[11.82455,52.381291],[11.82464,52.381295],[11.824674,52.38132],[11.824679,52.381369],[11.824695,52.381376],[11.824795,52.381385],[11.824852,52.381379],[11.824886,52.381325],[11.824915,52.381293],[11.824907,52.38126],[11.825117,52.381261],[11.825069,52.381313],[11.824887,52.381388],[11.824908,52.381564],[11.82485,52.381654],[11.824675,52.381656],[11.82462,52.381704],[11.824616,52.381737],[11.824634,52.381912],[11.824513,52.381988],[11.824441,52.381966],[11.824371,52.381899],[11.824298,52.381858],[11.824287,52.381812],[11.824329,52.381795],[11.824418,52.381747],[11.824449,52.381709],[11.824508,52.38169],[11.824393,52.381671],[11.824233,52.381654],[11.824091,52.381638],[11.824107,52.381703],[11.824107,52.38175],[11.824149,52.381789],[11.824226,52.381864],[11.824218,52.381919],[11.824138,52.381985],[11.82405,52.382035],[11.823978,52.382087],[11.823968,52.382157],[11.823985,52.382197],[11.82406,52.382231],[11.824153,52.382209],[11.824165,52.382181],[11.824144,52.382132],[11.824163,52.382081],[11.824203,52.382055],[11.824323,52.382036],[11.824386,52.38203],[11.824571,52.382073],[11.824675,52.382116],[11.825116,52.382243],[11.825498,52.382196],[11.825761,52.382453],[11.827261,52.382453],[11.827261,52.382619],[11.827303,52.382693],[11.82775,52.382691],[11.827881,52.382692],[11.828054,52.382695],[11.828196,52.382725],[11.828321,52.382759],[11.828409,52.382806],[11.828493,52.382885],[11.828507,52.382561],[11.828578,52.382564],[11.828585,52.382889],[11.828639,52.382863],[11.828663,52.382763],[11.828663,52.382673],[11.828879,52.382629],[11.829845,52.382638],[11.830344,52.38261],[11.830532,52.382699],[11.83069,52.382672],[11.830769,52.382576],[11.830795,52.3825],[11.829816,52.382522],[11.828869,52.382492],[11.828667,52.382475],[11.828722,52.382057],[11.828576,52.382058],[11.828481,52.382059],[11.828431,52.382059],[11.828088,52.382082],[11.827636,52.382044],[11.827349,52.382105],[11.82735,52.38225],[11.827077,52.382251],[11.827075,52.381795],[11.826945,52.381656],[11.82713,52.38156],[11.826971,52.38154],[11.82695,52.381511],[11.827005,52.381481],[11.827369,52.381504],[11.827522,52.381474],[11.827701,52.381478],[11.827785,52.381488],[11.827848,52.381501],[11.827849,52.381521],[11.827961,52.381521],[11.828028,52.381526],[11.828096,52.381533],[11.828119,52.38141],[11.828016,52.381307],[11.828064,52.381158],[11.828132,52.381108],[11.82808,52.381068],[11.827858,52.380944],[11.827775,52.380899],[11.82777,52.380813],[11.827723,52.380765],[11.827704,52.38076]]]}},{"type":"Feature","properties":{"k":"grass"},"geometry":{"type":"Polygon","coordinates":[[[11.802865,52.373766],[11.802554,52.373671],[11.802417,52.373668],[11.802679,52.373777],[11.802933,52.373911],[11.80302,52.373975],[11.802946,52.374099],[11.802989,52.374168],[11.803485,52.374264],[11.803926,52.374425],[11.804504,52.374557],[11.804729,52.374568],[11.804983,52.374612],[11.804924,52.374723],[11.805782,52.37494],[11.805978,52.375099],[11.806453,52.375385],[11.806535,52.375507],[11.806713,52.375596],[11.806862,52.375585],[11.807012,52.375731],[11.806928,52.37587],[11.806964,52.376053],[11.80685,52.376108],[11.806737,52.376031],[11.806755,52.375874],[11.806826,52.375728],[11.806581,52.375636],[11.806467,52.375647],[11.806425,52.37591],[11.806257,52.376042],[11.806095,52.376108],[11.806209,52.376258],[11.806083,52.376262],[11.805945,52.376199],[11.805802,52.376291],[11.805796,52.376196],[11.806257,52.375556],[11.806263,52.375457],[11.805736,52.375153],[11.80536,52.375171],[11.804652,52.376258],[11.806237,52.376788],[11.806387,52.37729],[11.806747,52.37756],[11.807298,52.377549],[11.807304,52.377655],[11.806855,52.378237],[11.80692,52.378753],[11.806616,52.379122],[11.806459,52.379451],[11.806289,52.379721],[11.806129,52.379963],[11.806023,52.380169],[11.805837,52.380447],[11.80572,52.38061],[11.805569,52.380793],[11.805423,52.381039],[11.805336,52.381177],[11.805176,52.381578],[11.805052,52.381593],[11.804852,52.381599],[11.804692,52.381589],[11.804499,52.381583],[11.804303,52.381631],[11.804183,52.381668],[11.803922,52.381664],[11.803576,52.381625],[11.803402,52.381581],[11.803367,52.381486],[11.803381,52.381346],[11.803452,52.381224],[11.803492,52.38114],[11.803423,52.381095],[11.803188,52.381089],[11.803023,52.381029],[11.803019,52.380868],[11.803212,52.380676],[11.803376,52.380472],[11.803532,52.380331],[11.803508,52.380256],[11.803348,52.380216],[11.80307,52.380242],[11.802892,52.380334],[11.802727,52.380469],[11.802567,52.38071],[11.80236,52.381],[11.802059,52.381362],[11.802045,52.381517],[11.802068,52.381555],[11.801988,52.381627],[11.801837,52.381606],[11.801473,52.381523],[11.801026,52.381349],[11.800402,52.381178],[11.800014,52.38101],[11.799809,52.380946],[11.79975,52.380858],[11.799807,52.380773],[11.799861,52.380667],[11.799981,52.380541],[11.800157,52.380332],[11.800386,52.380052],[11.800764,52.379623],[11.801212,52.379067],[11.80135,52.378974],[11.801442,52.378908],[11.801477,52.378803],[11.801513,52.378689],[11.80156,52.37863],[11.801706,52.378573],[11.801972,52.378586],[11.802249,52.378623],[11.802174,52.378794],[11.802108,52.37886],[11.802045,52.378956],[11.802049,52.379038],[11.802235,52.378995],[11.802339,52.37887],[11.80239,52.378827],[11.802628,52.378849],[11.802976,52.378941],[11.803165,52.378949],[11.803355,52.378744],[11.803529,52.378576],[11.803685,52.378511],[11.803708,52.378385],[11.803633,52.378201],[11.803694,52.378049],[11.803797,52.377882],[11.803953,52.377684],[11.80367,52.377648],[11.803414,52.377632],[11.803127,52.37757],[11.802868,52.377511],[11.802706,52.377534],[11.802583,52.377605],[11.802412,52.377638],[11.802221,52.377631],[11.802033,52.377672],[11.801908,52.377803],[11.801734,52.37785],[11.801534,52.377909],[11.801461,52.377994],[11.801404,52.378148],[11.80135,52.378319],[11.801212,52.378505],[11.801195,52.378625],[11.8012,52.378819],[11.80112,52.378978],[11.801047,52.37906],[11.800534,52.379623],[11.799859,52.380467],[11.799647,52.38074],[11.799555,52.380773],[11.799454,52.380771],[11.799329,52.380748],[11.799021,52.380671],[11.798141,52.380397],[11.797212,52.380047],[11.796821,52.379932],[11.796694,52.379925],[11.796647,52.379907],[11.79659,52.37997],[11.796786,52.380031],[11.797181,52.380137],[11.797484,52.380223],[11.797706,52.380314],[11.79859,52.380615],[11.799386,52.380865],[11.799637,52.380967],[11.800096,52.381105],[11.800419,52.381249],[11.800654,52.381369],[11.800868,52.381507],[11.80119,52.381624],[11.8014,52.381674],[11.801805,52.381721],[11.802054,52.381743],[11.802294,52.381792],[11.802374,52.381848],[11.802386,52.381944],[11.802468,52.382009],[11.802597,52.381996],[11.802579,52.381861],[11.802565,52.381756],[11.802633,52.381701],[11.802821,52.381672],[11.803099,52.381687],[11.803689,52.381746],[11.803908,52.381744],[11.804214,52.381714],[11.80451,52.381714],[11.804612,52.381743],[11.804616,52.38181],[11.804579,52.381868],[11.804647,52.381938],[11.804767,52.381944],[11.804856,52.381918],[11.804948,52.381925],[11.804957,52.381836],[11.805077,52.381773],[11.805336,52.381774],[11.805468,52.381751],[11.805682,52.381693],[11.805717,52.381642],[11.805701,52.381572],[11.805605,52.381502],[11.805579,52.381494],[11.805353,52.381556],[11.805332,52.381504],[11.805409,52.381344],[11.805583,52.380943],[11.805783,52.380748],[11.80596,52.380556],[11.806059,52.380295],[11.80628,52.379939],[11.806409,52.379731],[11.806574,52.379425],[11.806734,52.379196],[11.806854,52.379023],[11.806901,52.378932],[11.807033,52.379014],[11.807087,52.379094],[11.80719,52.379104],[11.807355,52.379017],[11.807383,52.378921],[11.807334,52.378857],[11.807221,52.378827],[11.80711,52.37878],[11.807094,52.378596],[11.80731,52.378277],[11.807801,52.377586],[11.808161,52.37744],[11.808533,52.377579],[11.80876,52.377535],[11.808754,52.377396],[11.808563,52.377418],[11.808401,52.377326],[11.808467,52.377103],[11.808623,52.376942],[11.808862,52.377004],[11.808928,52.377147],[11.808856,52.377275],[11.80915,52.37726],[11.809174,52.377154],[11.809474,52.37715],[11.809593,52.377333],[11.809791,52.377396],[11.809923,52.377355],[11.809947,52.377161],[11.809737,52.377081],[11.809803,52.37688],[11.8093,52.376616],[11.808868,52.376426],[11.80873,52.376481],[11.80873,52.376386],[11.808844,52.376302],[11.809126,52.376265],[11.809539,52.375625],[11.809828,52.37562],[11.810459,52.375706],[11.811249,52.37591],[11.813132,52.376347],[11.814162,52.376579],[11.814762,52.376704],[11.814809,52.376664],[11.809705,52.375432],[11.808731,52.375201],[11.802865,52.373766]]]}},{"type":"Feature","properties":{"k":"grass"},"geometry":{"type":"Polygon","coordinates":[[[11.817857,52.379103],[11.817848,52.379059],[11.817993,52.378936],[11.818289,52.378643],[11.818677,52.378487],[11.818836,52.37833],[11.818857,52.37823],[11.81887,52.378075],[11.819054,52.377948],[11.819166,52.377902],[11.819378,52.377951],[11.819581,52.377961],[11.819711,52.377967],[11.819901,52.378061],[11.819965,52.378143],[11.819633,52.378665],[11.819711,52.378732],[11.819611,52.37897],[11.81941,52.378922],[11.819245,52.378925],[11.819192,52.378965],[11.81913,52.379106],[11.819065,52.379206],[11.818973,52.37925],[11.818738,52.379268],[11.818486,52.379241],[11.818308,52.379208],[11.818071,52.379131],[11.817857,52.379103]]]}},{"type":"Feature","properties":{"k":"grass"},"geometry":{"type":"Polygon","coordinates":[[[11.815113,52.381105],[11.815111,52.381206],[11.814992,52.381124],[11.814665,52.381119],[11.814648,52.381189],[11.814822,52.381203],[11.814937,52.381273],[11.81533,52.381266],[11.815277,52.380827],[11.815275,52.380031],[11.815213,52.380008],[11.814679,52.380009],[11.814681,52.379558],[11.81494,52.379562],[11.814952,52.379599],[11.814987,52.379644],[11.81505,52.379671],[11.815103,52.379682],[11.815205,52.379671],[11.815261,52.37965],[11.815298,52.379621],[11.815322,52.379577],[11.815353,52.379573],[11.815361,52.379562],[11.815375,52.379519],[11.81538,52.379459],[11.815379,52.3794],[11.815376,52.379326],[11.814387,52.379289],[11.814352,52.379441],[11.814387,52.380161],[11.814668,52.380158],[11.814859,52.380159],[11.815026,52.380189],[11.815042,52.380226],[11.815055,52.380272],[11.815046,52.380334],[11.815062,52.380373],[11.815082,52.380404],[11.81512,52.380475],[11.81511,52.380565],[11.8151,52.38059],[11.815103,52.380646],[11.815166,52.380779],[11.815163,52.380828],[11.815145,52.380857],[11.815147,52.380963],[11.815156,52.381051],[11.81515,52.381064],[11.815113,52.381105]]]}},{"type":"Feature","properties":{"k":"grass"},"geometry":{"type":"Polygon","coordinates":[[[11.813938,52.383209],[11.813928,52.383255],[11.813697,52.383369],[11.813089,52.383359],[11.812978,52.383352],[11.812832,52.383371],[11.812812,52.382932],[11.812887,52.382835],[11.813029,52.382777],[11.813593,52.382772],[11.813667,52.382796],[11.813719,52.38284],[11.813732,52.382872],[11.813727,52.382916],[11.813691,52.382964],[11.813634,52.382991],[11.81357,52.383007],[11.81357,52.383108],[11.813671,52.383145],[11.813826,52.383198],[11.813938,52.383209]]]}},{"type":"Feature","properties":{"k":"building"},"geometry":{"type":"Polygon","coordinates":[[[11.814773,52.378071],[11.814751,52.378025],[11.814828,52.378034],[11.814773,52.378071]]]}},{"type":"Feature","properties":{"k":"railway"},"geometry":{"type":"LineString","coordinates":[[11.816429,52.381918],[11.815658,52.381922]]}},{"type":"Feature","properties":{"k":"forest"},"geometry":{"type":"Polygon","coordinates":[[[11.834428,52.381907],[11.834489,52.381835],[11.834562,52.381805],[11.834651,52.381802],[11.834766,52.381806],[11.834917,52.38183],[11.835153,52.381894],[11.835382,52.381952],[11.835511,52.382004],[11.835651,52.382068],[11.835832,52.38211],[11.83601,52.382142],[11.836132,52.382153],[11.836311,52.382151],[11.836461,52.382126],[11.83658,52.382105],[11.836682,52.382093],[11.83683,52.38159],[11.837029,52.380738],[11.837113,52.380345],[11.837168,52.380243],[11.837191,52.380236],[11.837348,52.380239],[11.837617,52.380261],[11.837714,52.379811],[11.837445,52.37979],[11.837263,52.379735],[11.83726,52.379677],[11.837265,52.379573],[11.83724,52.379519],[11.837057,52.379447],[11.836915,52.379419],[11.836937,52.379335],[11.836973,52.379209],[11.837049,52.378835],[11.836805,52.378813],[11.836646,52.3788],[11.836616,52.378933],[11.83666,52.37897],[11.8368,52.379014],[11.836843,52.379044],[11.836842,52.379229],[11.836827,52.379333],[11.836782,52.379393],[11.836586,52.379352],[11.836445,52.379311],[11.836389,52.379275],[11.836343,52.379231],[11.836184,52.37913],[11.836086,52.379092],[11.835885,52.379078],[11.835265,52.379111],[11.835089,52.379128],[11.83488,52.379116],[11.834654,52.379108],[11.83453,52.379111],[11.834448,52.379085],[11.834435,52.379041],[11.8344,52.37895],[11.834324,52.378844],[11.834278,52.378781],[11.834198,52.378739],[11.834043,52.378691],[11.833953,52.378658],[11.833883,52.378599],[11.833817,52.37853],[11.833732,52.378404],[11.833681,52.378291],[11.833551,52.37802],[11.833339,52.377994],[11.83305,52.377966],[11.833029,52.377869],[11.832962,52.377851],[11.83282,52.377807],[11.832838,52.377727],[11.832869,52.377649],[11.832972,52.377575],[11.833029,52.377566],[11.833025,52.377615],[11.832978,52.377673],[11.832961,52.377732],[11.832978,52.377782],[11.83304,52.377804],[11.833084,52.377856],[11.833135,52.3779],[11.833301,52.37791],[11.83346,52.377914],[11.833703,52.377915],[11.833843,52.377929],[11.83399,52.377912],[11.834045,52.377879],[11.834176,52.377834],[11.834253,52.377863],[11.834342,52.377936],[11.834434,52.377902],[11.834457,52.377866],[11.834474,52.377693],[11.834368,52.377629],[11.834142,52.377554],[11.834064,52.377532],[11.834108,52.37742],[11.834129,52.377321],[11.834401,52.377342],[11.834466,52.377031],[11.834194,52.37701],[11.834172,52.376926],[11.834092,52.376859],[11.834043,52.37676],[11.834278,52.376726],[11.834591,52.376715],[11.834867,52.376648],[11.835029,52.376636],[11.835211,52.37665],[11.835381,52.376608],[11.83557,52.376617],[11.83586,52.376642],[11.835981,52.376619],[11.836053,52.37655],[11.836121,52.376471],[11.83625,52.376384],[11.836163,52.376386],[11.835792,52.376462],[11.835418,52.376508],[11.835215,52.376522],[11.834997,52.37653],[11.834829,52.37655],[11.834703,52.376521],[11.834697,52.376438],[11.834574,52.376415],[11.834457,52.376371],[11.834406,52.376363],[11.834287,52.376415],[11.834257,52.376387],[11.834262,52.376348],[11.834244,52.376274],[11.834164,52.376233],[11.834094,52.376164],[11.833584,52.376167],[11.833552,52.376244],[11.833559,52.376294],[11.833545,52.376325],[11.833507,52.376368],[11.833448,52.376343],[11.833322,52.37631],[11.833292,52.376423],[11.833116,52.376448],[11.832988,52.376394],[11.832974,52.376338],[11.832978,52.376274],[11.832835,52.376324],[11.832631,52.376339],[11.832559,52.376375],[11.832476,52.376372],[11.832421,52.376333],[11.832387,52.376278],[11.832304,52.376244],[11.832203,52.376216],[11.832155,52.376232],[11.832094,52.376303],[11.831947,52.376308],[11.831837,52.376271],[11.831918,52.376199],[11.832034,52.376126],[11.832113,52.376063],[11.832124,52.375983],[11.832271,52.3759],[11.832527,52.375864],[11.832789,52.375855],[11.832983,52.375786],[11.832939,52.37571],[11.832724,52.37564],[11.832667,52.37555],[11.832752,52.375421],[11.832792,52.375413],[11.832976,52.375573],[11.833026,52.375607],[11.833095,52.375725],[11.833192,52.37568],[11.833135,52.375506],[11.833079,52.375407],[11.833147,52.375407],[11.833247,52.375438],[11.836787,52.37503],[11.836692,52.374741],[11.836071,52.374789],[11.835859,52.374631],[11.835371,52.374602],[11.834986,52.374631],[11.834915,52.374381],[11.835379,52.374156],[11.835528,52.374036],[11.835338,52.373945],[11.835135,52.373848],[11.833334,52.374031],[11.832956,52.373896],[11.832783,52.374027],[11.832665,52.374698],[11.832901,52.375005],[11.832862,52.375199],[11.832689,52.375226],[11.832627,52.37536],[11.832565,52.375483],[11.832468,52.37558],[11.83239,52.375634],[11.832241,52.375604],[11.832166,52.375609],[11.832056,52.37566],[11.831886,52.375669],[11.831731,52.375676],[11.831607,52.375731],[11.831389,52.375846],[11.831076,52.375805],[11.830335,52.375701],[11.830205,52.375667],[11.830152,52.375594],[11.830109,52.375518],[11.829996,52.375422],[11.829912,52.375446],[11.829809,52.375474],[11.829763,52.375405],[11.829688,52.375375],[11.82962,52.375354],[11.829548,52.37537],[11.829495,52.375444],[11.829431,52.375504],[11.829419,52.375584],[11.829478,52.375647],[11.829537,52.375678],[11.829622,52.375694],[11.829671,52.375729],[11.829763,52.375783],[11.829718,52.375853],[11.82964,52.375889],[11.829564,52.375887],[11.829589,52.37582],[11.829527,52.375783],[11.829412,52.375796],[11.829357,52.375837],[11.829285,52.375964],[11.829119,52.376026],[11.829085,52.376059],[11.829053,52.376249],[11.829096,52.376354],[11.829206,52.376385],[11.829333,52.376384],[11.829455,52.376316],[11.829504,52.376289],[11.829585,52.376273],[11.829645,52.376293],[11.829569,52.37636],[11.82952,52.376407],[11.829469,52.376496],[11.829387,52.37667],[11.829248,52.376884],[11.829152,52.376991],[11.829136,52.376987],[11.827478,52.376603],[11.827623,52.376357],[11.827878,52.375929],[11.828033,52.37574],[11.828086,52.375715],[11.82819,52.375723],[11.828331,52.375803],[11.828399,52.375841],[11.828534,52.375841],[11.828569,52.375797],[11.828622,52.375722],[11.828583,52.375713],[11.828449,52.37569],[11.828394,52.375638],[11.828483,52.375609],[11.828613,52.375601],[11.828719,52.375581],[11.828732,52.375512],[11.828471,52.375431],[11.82836,52.375432],[11.828258,52.375482],[11.82815,52.375497],[11.828082,52.375432],[11.828078,52.375376],[11.828075,52.375303],[11.827923,52.37525],[11.827812,52.375245],[11.82771,52.375241],[11.827565,52.375183],[11.827446,52.37511],[11.827378,52.375104],[11.827327,52.375171],[11.827277,52.375248],[11.827306,52.375331],[11.827546,52.375396],[11.827699,52.375449],[11.827869,52.375587],[11.827889,52.37568],[11.82785,52.375813],[11.827676,52.37614],[11.8274,52.37655],[11.827365,52.376577],[11.826624,52.376406],[11.826815,52.376193],[11.826899,52.376052],[11.826886,52.375988],[11.82689,52.375756],[11.826876,52.375652],[11.826883,52.375618],[11.826892,52.375569],[11.826946,52.375485],[11.826913,52.37542],[11.826804,52.375386],[11.825934,52.375179],[11.826061,52.374994],[11.826264,52.374734],[11.826309,52.374661],[11.826282,52.374575],[11.82617,52.374539],[11.826116,52.374561],[11.826076,52.374624],[11.825983,52.37472],[11.825947,52.374797],[11.826,52.374871],[11.825983,52.374962],[11.825916,52.375049],[11.825852,52.375072],[11.825791,52.375024],[11.825793,52.374964],[11.825758,52.374895],[11.825719,52.374837],[11.825484,52.374757],[11.825281,52.374714],[11.82506,52.374656],[11.825173,52.374429],[11.825105,52.374395],[11.824896,52.374344],[11.824757,52.374339],[11.824706,52.374391],[11.824585,52.374475],[11.824448,52.37445],[11.824262,52.374396],[11.82419,52.374324],[11.824088,52.374221],[11.823993,52.374161],[11.823197,52.374007],[11.822994,52.373974],[11.822847,52.373922],[11.822777,52.373837],[11.822751,52.373764],[11.822747,52.373686],[11.82271,52.373614],[11.82262,52.373631],[11.822374,52.373689],[11.822243,52.373796],[11.821328,52.373619],[11.820931,52.373544],[11.820734,52.373428],[11.82065,52.373318],[11.82064,52.373258],[11.820626,52.373201],[11.820601,52.37317],[11.820497,52.373211],[11.820366,52.373236],[11.820325,52.373166],[11.820249,52.373106],[11.820095,52.37305],[11.819899,52.373079],[11.819921,52.372979],[11.81994,52.37291],[11.819975,52.372821],[11.819999,52.372723],[11.82012,52.372601],[11.820177,52.372531],[11.820143,52.372493],[11.820044,52.372475],[11.820012,52.372368],[11.819917,52.372356],[11.819825,52.372381],[11.819809,52.372443],[11.819838,52.372531],[11.819899,52.372701],[11.819772,52.372823],[11.819672,52.372825],[11.819559,52.372775],[11.819457,52.372688],[11.819344,52.372553],[11.819303,52.372476],[11.819342,52.372385],[11.819293,52.372363],[11.819238,52.372376],[11.819086,52.372396],[11.818951,52.372429],[11.818869,52.372498],[11.818763,52.372585],[11.818636,52.372611],[11.81854,52.372614],[11.818447,52.372588],[11.818282,52.372553],[11.818089,52.372584],[11.818032,52.372669],[11.818003,52.372735],[11.818034,52.372824],[11.818038,52.372926],[11.817917,52.372991],[11.817856,52.372973],[11.817766,52.372931],[11.817682,52.372954],[11.817534,52.372949],[11.817422,52.372905],[11.817438,52.372859],[11.817481,52.37284],[11.817551,52.372801],[11.817617,52.372762],[11.817723,52.372698],[11.81776,52.372639],[11.817803,52.372561],[11.81776,52.372498],[11.817665,52.372444],[11.817459,52.372336],[11.817213,52.372224],[11.816898,52.37202],[11.816806,52.371971],[11.816761,52.371915],[11.816754,52.371886],[11.816808,52.371791],[11.816763,52.371766],[11.816724,52.371761],[11.816677,52.371755],[11.816623,52.371794],[11.816617,52.371798],[11.816535,52.371876],[11.81649,52.371954],[11.816458,52.371982],[11.81642,52.371961],[11.816381,52.371938],[11.816332,52.371918],[11.816278,52.371904],[11.816198,52.3719],[11.816195,52.371864],[11.816288,52.371786],[11.816417,52.371725],[11.816484,52.371674],[11.81638,52.371628],[11.816232,52.371605],[11.816089,52.371654],[11.815983,52.37171],[11.815788,52.371836],[11.815729,52.371895],[11.815622,52.37195],[11.815483,52.372008],[11.815444,52.372076],[11.815512,52.372146],[11.815616,52.372206],[11.815884,52.372278],[11.81612,52.37238],[11.816161,52.372399],[11.816196,52.372416],[11.816384,52.372504],[11.816464,52.372534],[11.816404,52.372572],[11.816358,52.3726],[11.816329,52.372591],[11.81629,52.372556],[11.816128,52.372505],[11.815987,52.372499],[11.815925,52.372499],[11.815802,52.372505],[11.815704,52.372536],[11.815622,52.372579],[11.815442,52.37267],[11.815266,52.37263],[11.81517,52.372571],[11.815178,52.372525],[11.815303,52.372401],[11.815368,52.37234],[11.815059,52.372139],[11.814901,52.372071],[11.814873,52.372059],[11.814762,52.372035],[11.814652,52.372055],[11.814531,52.372031],[11.814666,52.371931],[11.815172,52.371588],[11.815604,52.371265],[11.815663,52.371215],[11.815686,52.371155],[11.815708,52.371066],[11.815712,52.370971],[11.815665,52.370944],[11.815555,52.370926],[11.815327,52.370881],[11.815205,52.370833],[11.815098,52.370779],[11.814996,52.370709],[11.814947,52.370634],[11.814891,52.370551],[11.814613,52.370428],[11.814347,52.370291],[11.814144,52.370191],[11.813966,52.370145],[11.813892,52.370126],[11.813774,52.370078],[11.813698,52.370041],[11.813386,52.369885],[11.813247,52.369802],[11.813185,52.369743],[11.81314,52.369693],[11.813036,52.369583],[11.812948,52.369512],[11.812854,52.369453],[11.812668,52.369344],[11.812287,52.369156],[11.811697,52.36881],[11.811235,52.36857],[11.81082,52.36834],[11.810321,52.368056],[11.810165,52.367965],[11.810023,52.367906],[11.80972,52.367788],[11.80956,52.367725],[11.809387,52.367628],[11.809271,52.367558],[11.809161,52.36748],[11.80895,52.367338],[11.808808,52.36727],[11.80866,52.367197],[11.808559,52.36715],[11.808454,52.367072],[11.808418,52.367039],[11.808561,52.366971],[11.813953,52.364603],[11.817795,52.362931],[11.823216,52.360581],[11.82446,52.360108],[11.826046,52.359401],[11.828874,52.360131],[11.83014,52.359922],[11.831578,52.359463],[11.832859,52.359749],[11.833676,52.358536],[11.831814,52.357838],[11.832458,52.357235],[11.832908,52.357366],[11.834153,52.356082],[11.831609,52.355555],[11.832079,52.354933],[11.832689,52.354205],[11.833724,52.354786],[11.833981,52.354815],[11.834416,52.354593],[11.835376,52.354789],[11.836663,52.354114],[11.837244,52.355138],[11.838179,52.356871],[11.838324,52.357209],[11.838401,52.357504],[11.838488,52.35804],[11.838537,52.35826],[11.838598,52.35842],[11.838554,52.358452],[11.837876,52.35893],[11.836079,52.359939],[11.83661,52.36027],[11.836921,52.360126],[11.837098,52.360218],[11.838917,52.359353],[11.839139,52.35976],[11.839285,52.360095],[11.839525,52.36066],[11.839699,52.361104],[11.839901,52.361521],[11.840008,52.361753],[11.840122,52.362005],[11.840123,52.362152],[11.838541,52.362591],[11.838579,52.363042],[11.838799,52.363179],[11.838139,52.363528],[11.838514,52.363789],[11.838336,52.363933],[11.838593,52.364064],[11.83829,52.364266],[11.839018,52.364852],[11.839581,52.364861],[11.841145,52.364033],[11.841173,52.364108],[11.841366,52.364167],[11.841864,52.365021],[11.841765,52.365191],[11.842183,52.365892],[11.837247,52.366939],[11.837123,52.367543],[11.836651,52.369678],[11.836604,52.369888],[11.836342,52.371838],[11.840998,52.370778],[11.842454,52.370438],[11.844176,52.370029],[11.844305,52.37003],[11.844345,52.370165],[11.841668,52.370744],[11.841888,52.371404],[11.843527,52.370962],[11.844201,52.370884],[11.8441,52.371696],[11.844092,52.371967],[11.844062,52.371992],[11.843963,52.372064],[11.843823,52.372156],[11.843781,52.372213],[11.843787,52.372312],[11.84377,52.372389],[11.843686,52.372529],[11.843565,52.372654],[11.84346,52.372766],[11.843307,52.37304],[11.843084,52.373476],[11.842873,52.373921],[11.8427,52.374254],[11.842487,52.374573],[11.842438,52.37464],[11.842207,52.375179],[11.842085,52.375596],[11.841851,52.37583],[11.841924,52.375919],[11.841978,52.375988],[11.841959,52.376034],[11.841858,52.376053],[11.84178,52.376047],[11.841571,52.376682],[11.841518,52.37671],[11.841416,52.376801],[11.841378,52.376852],[11.841378,52.376895],[11.841352,52.376997],[11.841262,52.377055],[11.841275,52.377115],[11.84133,52.377111],[11.841375,52.377071],[11.841455,52.377033],[11.841483,52.377065],[11.841481,52.377114],[11.841378,52.377219],[11.8413,52.377278],[11.841174,52.377298],[11.841078,52.377296],[11.84099,52.377283],[11.84087,52.377227],[11.840792,52.377171],[11.840639,52.376991],[11.839303,52.377004],[11.838959,52.377528],[11.838279,52.37895],[11.839271,52.378854],[11.839892,52.378864],[11.839947,52.378882],[11.83986,52.378983],[11.839778,52.379087],[11.839741,52.379156],[11.839709,52.379454],[11.839697,52.379679],[11.839708,52.379745],[11.839763,52.379815],[11.839898,52.379739],[11.83999,52.379631],[11.842045,52.37937],[11.842302,52.379347],[11.842627,52.379212],[11.842975,52.379103],[11.843279,52.379005],[11.843601,52.378919],[11.843925,52.378831],[11.844353,52.378727],[11.844662,52.378666],[11.844942,52.37859],[11.845289,52.378484],[11.845599,52.378368],[11.845818,52.378266],[11.846008,52.378162],[11.846249,52.377986],[11.846405,52.377869],[11.846493,52.377766],[11.846538,52.377689],[11.846579,52.377674],[11.847046,52.377617],[11.847392,52.377528],[11.84758,52.3775],[11.847955,52.377516],[11.848129,52.377721],[11.848587,52.378329],[11.849583,52.379629],[11.849945,52.380124],[11.852122,52.382846],[11.850048,52.38393],[11.851008,52.384837],[11.851095,52.384965],[11.851727,52.385326],[11.852186,52.385658],[11.852631,52.386051],[11.853054,52.386503],[11.853104,52.387048],[11.85296,52.387225],[11.852387,52.387533],[11.851488,52.387981],[11.851584,52.388576],[11.851689,52.389648],[11.851582,52.389629],[11.851442,52.38959],[11.851308,52.389537],[11.851238,52.38949],[11.851151,52.389464],[11.851056,52.389444],[11.850961,52.389415],[11.850894,52.389388],[11.850817,52.389354],[11.850754,52.389296],[11.850471,52.388779],[11.850514,52.38781],[11.84781,52.387509],[11.846898,52.387351],[11.84516,52.386945],[11.845135,52.386802],[11.845128,52.386758],[11.845046,52.386283],[11.84474,52.386251],[11.844555,52.386135],[11.843894,52.386133],[11.843753,52.386047],[11.843753,52.386014],[11.84371,52.385978],[11.843601,52.385968],[11.843553,52.385972],[11.843456,52.385963],[11.843375,52.385944],[11.843327,52.3859],[11.843346,52.385846],[11.843405,52.385807],[11.843412,52.385761],[11.84156,52.385759],[11.841564,52.38602],[11.841531,52.386082],[11.841386,52.386137],[11.838851,52.386144],[11.838795,52.386053],[11.838789,52.385923],[11.838785,52.385814],[11.838843,52.385642],[11.838836,52.385577],[11.838787,52.38554],[11.838796,52.385297],[11.83883,52.38511],[11.838774,52.385],[11.838645,52.384966],[11.838405,52.384948],[11.838272,52.384972],[11.838041,52.385023],[11.837805,52.385075],[11.837526,52.385083],[11.8374,52.385101],[11.837397,52.385154],[11.837462,52.385222],[11.83747,52.385336],[11.837477,52.385448],[11.837494,52.385517],[11.837573,52.385706],[11.837629,52.385841],[11.837653,52.385948],[11.837674,52.386047],[11.83764,52.386093],[11.837592,52.386148],[11.835693,52.386154],[11.835639,52.386064],[11.835594,52.385832],[11.835539,52.385712],[11.83541,52.385608],[11.834704,52.385594],[11.834361,52.385614],[11.834198,52.385654],[11.834171,52.385875],[11.834164,52.385953],[11.834072,52.386004],[11.833995,52.386018],[11.833785,52.386021],[11.833605,52.386036],[11.833484,52.386012],[11.833322,52.386006],[11.833081,52.385999],[11.832989,52.385957],[11.832822,52.385891],[11.832796,52.385888],[11.832732,52.385959],[11.832719,52.386018],[11.832578,52.386088],[11.832511,52.386015],[11.832498,52.385946],[11.832449,52.38588],[11.832324,52.385907],[11.832207,52.385959],[11.832011,52.386022],[11.832009,52.386054],[11.832058,52.38607],[11.83217,52.386095],[11.832224,52.386141],[11.832177,52.386166],[11.828763,52.386177],[11.828608,52.386105],[11.828614,52.385797],[11.82863,52.385189],[11.828632,52.384621],[11.828647,52.384351],[11.828836,52.384212],[11.829121,52.384001],[11.829948,52.383645],[11.831389,52.382984],[11.831902,52.382775],[11.832061,52.38274],[11.832216,52.382808],[11.832348,52.382868],[11.832459,52.382912],[11.832646,52.382896],[11.832806,52.382855],[11.832876,52.38286],[11.83282,52.382902],[11.832934,52.382957],[11.832942,52.382999],[11.832912,52.383059],[11.832906,52.383131],[11.832936,52.383145],[11.832976,52.383068],[11.833045,52.383036],[11.83311,52.383018],[11.83318,52.383042],[11.833167,52.383095],[11.833103,52.383126],[11.833021,52.38314],[11.832975,52.383177],[11.832968,52.383231],[11.833013,52.38327],[11.833109,52.383271],[11.833318,52.383241],[11.833518,52.383135],[11.83348,52.383005],[11.833308,52.382954],[11.833205,52.382933],[11.833073,52.382952],[11.832972,52.382915],[11.83292,52.382866],[11.833035,52.382868],[11.833129,52.382855],[11.833206,52.382798],[11.833321,52.382732],[11.833423,52.382707],[11.833521,52.38271],[11.833602,52.382807],[11.833715,52.383123],[11.834386,52.382943],[11.834359,52.38284],[11.834239,52.382777],[11.834102,52.382823],[11.834121,52.382874],[11.833936,52.382876],[11.833772,52.382852],[11.833753,52.382762],[11.833687,52.382747],[11.833589,52.382655],[11.833446,52.382633],[11.833312,52.382661],[11.833191,52.382713],[11.83308,52.382784],[11.833031,52.382797],[11.833001,52.382818],[11.832937,52.382808],[11.832912,52.382793],[11.832989,52.382787],[11.833025,52.382755],[11.832926,52.382688],[11.832818,52.382721],[11.83283,52.382801],[11.832714,52.382816],[11.832591,52.382847],[11.832489,52.382835],[11.83238,52.382806],[11.832257,52.382745],[11.832216,52.382708],[11.832204,52.382666],[11.832235,52.382623],[11.832457,52.382534],[11.83277,52.382445],[11.832952,52.382364],[11.833197,52.38231],[11.83378,52.38215],[11.833992,52.382029],[11.834046,52.381961],[11.83411,52.38196],[11.834244,52.381985],[11.834333,52.381999],[11.834425,52.381985],[11.83448,52.382035],[11.834607,52.382166],[11.834728,52.382344],[11.834816,52.382624],[11.834858,52.382863],[11.834858,52.383078],[11.834864,52.38329],[11.834816,52.38342],[11.834385,52.38331],[11.834419,52.383221],[11.834486,52.383051],[11.834004,52.383194],[11.833456,52.383346],[11.833548,52.3834],[11.833743,52.383308],[11.833899,52.383324],[11.834024,52.383363],[11.833988,52.383409],[11.833833,52.383437],[11.833747,52.383572],[11.834042,52.383638],[11.834178,52.38349],[11.834224,52.383487],[11.834642,52.383602],[11.834579,52.383698],[11.834794,52.383753],[11.834999,52.383693],[11.83492,52.383813],[11.834684,52.383822],[11.834548,52.383786],[11.834423,52.38386],[11.834549,52.38392],[11.834595,52.383955],[11.834586,52.383997],[11.834662,52.384034],[11.834859,52.383971],[11.835113,52.383933],[11.835291,52.383999],[11.835334,52.383919],[11.835138,52.383823],[11.83506,52.383708],[11.835148,52.383689],[11.835194,52.383527],[11.835193,52.383424],[11.83507,52.383587],[11.834917,52.383593],[11.834925,52.383385],[11.834985,52.383251],[11.834962,52.383084],[11.834924,52.382873],[11.834914,52.382648],[11.834883,52.382547],[11.834843,52.382443],[11.834783,52.382302],[11.834687,52.382118],[11.834603,52.382029],[11.834538,52.381962],[11.834428,52.381907]]]}},{"type":"Feature","properties":{"k":"road_minor"},"geometry":{"type":"LineString","coordinates":[[11.816858,52.382015],[11.81663,52.381932],[11.816429,52.381918]]}},{"type":"Feature","properties":{"k":"building"},"geometry":{"type":"Polygon","coordinates":[[[11.821247,52.37623],[11.821271,52.376189],[11.821222,52.376177],[11.821346,52.375984],[11.821395,52.375994],[11.821416,52.375965],[11.821481,52.375981],[11.821464,52.37601],[11.82151,52.376022],[11.821383,52.376217],[11.821336,52.376207],[11.821309,52.376245],[11.821247,52.37623]]]}},{"type":"Feature","properties":{"k":"building"},"geometry":{"type":"Polygon","coordinates":[[[11.820998,52.376095],[11.821033,52.376104],[11.821132,52.376128],[11.821114,52.376157],[11.820981,52.376123],[11.820998,52.376095]]]}},{"type":"Feature","properties":{"k":"building"},"geometry":{"type":"Polygon","coordinates":[[[11.816701,52.376546],[11.816754,52.37656],[11.816721,52.376609],[11.816668,52.376594],[11.816701,52.376546]]]}},{"type":"Feature","properties":{"k":"building"},"geometry":{"type":"Polygon","coordinates":[[[11.817713,52.377456],[11.81783,52.377485],[11.817793,52.377544],[11.817675,52.377516],[11.817713,52.377456]]]}},{"type":"Feature","properties":{"k":"grass"},"geometry":{"type":"Polygon","coordinates":[[[11.806045,52.37445],[11.806036,52.374141],[11.804968,52.374147],[11.804968,52.373975],[11.804867,52.373975],[11.804877,52.372013],[11.804975,52.371473],[11.805127,52.371366],[11.809937,52.371338],[11.810379,52.371391],[11.812058,52.371803],[11.811754,52.372491],[11.811801,52.37309],[11.810896,52.373521],[11.810458,52.373536],[11.810375,52.3739],[11.810611,52.373817],[11.810683,52.373594],[11.81085,52.373595],[11.811003,52.373654],[11.811146,52.373544],[11.811517,52.373381],[11.811821,52.373223],[11.812057,52.373004],[11.812209,52.372787],[11.81357,52.37272],[11.813609,52.372708],[11.81367,52.372679],[11.813762,52.372668],[11.813781,52.37274],[11.813899,52.372888],[11.814009,52.372978],[11.814546,52.373363],[11.81512,52.373715],[11.815692,52.373985],[11.81612,52.374175],[11.816249,52.37431],[11.816334,52.374383],[11.816492,52.374438],[11.816703,52.37465],[11.816774,52.374768],[11.816725,52.374963],[11.816202,52.375716],[11.815894,52.376184],[11.815649,52.376579],[11.815609,52.376747],[11.815852,52.376371],[11.816466,52.375421],[11.816798,52.374926],[11.816852,52.374807],[11.816859,52.374728],[11.816828,52.374666],[11.816741,52.374567],[11.816621,52.374452],[11.816468,52.374327],[11.816303,52.374196],[11.816188,52.374136],[11.816,52.37407],[11.81584,52.374001],[11.815506,52.373854],[11.81524,52.373719],[11.815082,52.373635],[11.814856,52.373501],[11.814452,52.373252],[11.814235,52.373103],[11.813983,52.372919],[11.813901,52.372833],[11.813821,52.372684],[11.813793,52.372586],[11.813812,52.372482],[11.813859,52.372436],[11.813952,52.372375],[11.813885,52.37235],[11.81158,52.37151],[11.809229,52.371077],[11.809016,52.371082],[11.808678,52.371005],[11.807892,52.371097],[11.807483,52.371034],[11.806995,52.371097],[11.806075,52.37089],[11.805709,52.370963],[11.80525,52.370985],[11.803232,52.373368],[11.803045,52.373552],[11.80295,52.373645],[11.802922,52.373685],[11.806045,52.37445]]]}},{"type":"Feature","properties":{"k":"grass"},"geometry":{"type":"Polygon","coordinates":[[[11.821621,52.379514],[11.821801,52.379514],[11.821801,52.379502],[11.821851,52.379503],[11.821851,52.379514],[11.821949,52.379514],[11.821954,52.379452],[11.821932,52.379399],[11.821897,52.379361],[11.821905,52.379305],[11.821962,52.379251],[11.822016,52.379232],[11.8221,52.379239],[11.822118,52.379247],[11.822092,52.379295],[11.822106,52.379324],[11.822215,52.379325],[11.822239,52.379353],[11.822218,52.379389],[11.822142,52.379413],[11.822051,52.379416],[11.822011,52.379441],[11.822011,52.379473],[11.822043,52.379479],[11.822097,52.379457],[11.82224,52.37945],[11.822317,52.379468],[11.822359,52.379485],[11.82237,52.379515],[11.822387,52.379515],[11.822436,52.379486],[11.822588,52.379494],[11.82288,52.379497],[11.823056,52.379438],[11.823082,52.379366],[11.822875,52.379274],[11.822492,52.379271],[11.822434,52.379205],[11.822382,52.37919],[11.822208,52.379189],[11.822208,52.379198],[11.822152,52.379199],[11.822152,52.379189],[11.821736,52.379189],[11.821782,52.37933],[11.821713,52.379426],[11.821666,52.379415],[11.821584,52.379423],[11.821548,52.379485],[11.821531,52.379561],[11.821549,52.379652],[11.821588,52.379734],[11.821614,52.379779],[11.821689,52.379808],[11.821746,52.379822],[11.821887,52.379822],[11.821925,52.37982],[11.822045,52.379801],[11.822089,52.379774],[11.822128,52.37973],[11.822201,52.37969],[11.822241,52.379686],[11.82226,52.379727],[11.82227,52.379777],[11.822258,52.379832],[11.822323,52.379811],[11.822429,52.3798],[11.822539,52.379804],[11.822386,52.379659],[11.82162,52.379657],[11.821621,52.379514]]]}},{"type":"Feature","properties":{"k":"grass"},"geometry":{"type":"Polygon","coordinates":[[[11.823797,52.380744],[11.823887,52.380714],[11.823931,52.380639],[11.823987,52.380608],[11.824022,52.380599],[11.824042,52.380617],[11.824052,52.380645],[11.824207,52.380673],[11.824223,52.380646],[11.824258,52.380587],[11.824088,52.380485],[11.824003,52.380356],[11.824231,52.380182],[11.824286,52.38],[11.823948,52.379949],[11.823893,52.379974],[11.823792,52.380019],[11.823859,52.380105],[11.823737,52.380273],[11.823824,52.380375],[11.823797,52.380744]]]}},{"type":"Feature","properties":{"k":"track"},"geometry":{"type":"LineString","coordinates":[[11.823482,52.381549],[11.823786,52.381559],[11.823984,52.381602],[11.824222,52.381615],[11.824668,52.38169]]}},{"type":"Feature","properties":{"k":"grass"},"geometry":{"type":"Polygon","coordinates":[[[11.8235,52.38191],[11.823365,52.381946],[11.823209,52.382087],[11.823101,52.382119],[11.823019,52.3822],[11.822929,52.382218],[11.822924,52.382259],[11.822828,52.382261],[11.822823,52.382206],[11.822696,52.382096],[11.822588,52.382071],[11.82254,52.382151],[11.822765,52.382311],[11.82304,52.382343],[11.823246,52.382414],[11.823246,52.382497],[11.823363,52.382498],[11.823477,52.382435],[11.823334,52.38236],[11.823339,52.382261],[11.8235,52.382108],[11.823531,52.381979],[11.823542,52.381937],[11.823576,52.381914],[11.823608,52.3819],[11.823645,52.381944],[11.823707,52.382151],[11.823772,52.382154],[11.823811,52.381977],[11.823914,52.381969],[11.823969,52.381923],[11.823932,52.381833],[11.824013,52.381757],[11.824017,52.381725],[11.82392,52.381708],[11.823859,52.381722],[11.823847,52.381691],[11.823822,52.381669],[11.82371,52.381682],[11.823671,52.38177],[11.823632,52.381794],[11.823585,52.381774],[11.823528,52.381737],[11.82343,52.381706],[11.823346,52.381655],[11.823323,52.381679],[11.823329,52.381712],[11.823367,52.381767],[11.823467,52.38177],[11.823494,52.381783],[11.823558,52.381841],[11.823586,52.381875],[11.823542,52.381903],[11.8235,52.38191]]]}},{"type":"Feature","properties":{"k":"track"},"geometry":{"type":"LineString","coordinates":[[11.825785,52.380964],[11.825629,52.380961],[11.824577,52.380965],[11.824573,52.380731]]}},{"type":"Feature","properties":{"k":"track"},"geometry":{"type":"LineString","coordinates":[[11.828504,52.381308],[11.828434,52.381002]]}},{"type":"Feature","properties":{"k":"track"},"geometry":{"type":"LineString","coordinates":[[11.828943,52.382533],[11.828529,52.382521]]}},{"type":"Feature","properties":{"k":"track"},"geometry":{"type":"LineString","coordinates":[[11.829947,52.38256],[11.828943,52.382533]]}},{"type":"Feature","properties":{"k":"grass"},"geometry":{"type":"Polygon","coordinates":[[[11.833521,52.38271],[11.833602,52.382807],[11.833715,52.383123],[11.834386,52.382943],[11.834359,52.38284],[11.834239,52.382777],[11.834102,52.382823],[11.834121,52.382874],[11.833936,52.382876],[11.833772,52.382852],[11.833753,52.382762],[11.833687,52.382747],[11.833521,52.38271]]]}},{"type":"Feature","properties":{"k":"grass"},"geometry":{"type":"Polygon","coordinates":[[[11.833747,52.383572],[11.834042,52.383638],[11.834178,52.38349],[11.834224,52.383487],[11.834258,52.383452],[11.834168,52.38343],[11.834271,52.383303],[11.834226,52.383268],[11.834118,52.383257],[11.834048,52.383275],[11.834088,52.383316],[11.834024,52.383363],[11.833988,52.383409],[11.833833,52.383437],[11.833747,52.383572]]]}},{"type":"Feature","properties":{"k":"grass"},"geometry":{"type":"Polygon","coordinates":[[[11.834423,52.38386],[11.834549,52.38392],[11.834595,52.383955],[11.834586,52.383997],[11.834662,52.384034],[11.834859,52.383971],[11.835113,52.383933],[11.835291,52.383999],[11.835334,52.383919],[11.835138,52.383823],[11.83506,52.383708],[11.835103,52.383639],[11.834897,52.383632],[11.834794,52.383753],[11.834999,52.383693],[11.83492,52.383813],[11.834684,52.383822],[11.834548,52.383786],[11.834423,52.38386]]]}},{"type":"Feature","properties":{"k":"grass"},"geometry":{"type":"Polygon","coordinates":[[[11.834004,52.383194],[11.834211,52.383212],[11.834326,52.383242],[11.834419,52.383221],[11.834486,52.383051],[11.834004,52.383194]]]}},{"type":"Feature","properties":{"k":"grass"},"geometry":{"type":"Polygon","coordinates":[[[11.822451,52.3814],[11.822522,52.38142],[11.823243,52.381498],[11.82333,52.381468],[11.823429,52.381463],[11.823471,52.38151],[11.8235,52.381473],[11.823514,52.381403],[11.823587,52.381306],[11.823675,52.381304],[11.823627,52.381239],[11.823537,52.381229],[11.823482,52.381247],[11.822908,52.381232],[11.822904,52.381254],[11.823527,52.381266],[11.82352,52.381385],[11.822898,52.381373],[11.822713,52.381371],[11.82249,52.381343],[11.822451,52.3814]]]}},{"type":"Feature","properties":{"k":"grass"},"geometry":{"type":"Polygon","coordinates":[[[11.822256,52.381457],[11.822533,52.381496],[11.822795,52.38162],[11.823135,52.381573],[11.823232,52.381595],[11.823227,52.381674],[11.823323,52.381679],[11.823346,52.381655],[11.823369,52.38163],[11.823424,52.381567],[11.822283,52.381417],[11.822074,52.381428],[11.821715,52.38145],[11.821292,52.38145],[11.821238,52.381445],[11.821248,52.382452],[11.821313,52.382549],[11.821435,52.38263],[11.821544,52.382671],[11.821687,52.382703],[11.821906,52.382711],[11.824676,52.382685],[11.823887,52.382682],[11.821972,52.382659],[11.821506,52.382593],[11.821376,52.382444],[11.821293,52.382213],[11.821316,52.381885],[11.821349,52.381708],[11.821488,52.38166],[11.821659,52.381515],[11.821896,52.381467],[11.822256,52.381457]]]}},{"type":"Feature","properties":{"k":"grass"},"geometry":{"type":"Polygon","coordinates":[[[11.822227,52.38004],[11.822249,52.380082],[11.822751,52.380083],[11.822841,52.380029],[11.822841,52.379954],[11.822789,52.37993],[11.822414,52.379929],[11.82242,52.379906],[11.822313,52.379908],[11.822267,52.37992],[11.822227,52.379958],[11.822227,52.38004]]]}},{"type":"Feature","properties":{"k":"grass"},"geometry":{"type":"Polygon","coordinates":[[[11.821967,52.380402],[11.822576,52.380404],[11.822579,52.380139],[11.822874,52.380138],[11.822911,52.380129],[11.822877,52.380254],[11.822895,52.380288],[11.823037,52.380305],[11.823109,52.380288],[11.823111,52.380347],[11.823178,52.380392],[11.823373,52.380404],[11.823437,52.380463],[11.823428,52.38061],[11.823515,52.380704],[11.823409,52.380805],[11.823304,52.380822],[11.823256,52.380787],[11.823313,52.380736],[11.82329,52.38068],[11.82321,52.380669],[11.823171,52.380582],[11.823152,52.380415],[11.823028,52.38034],[11.822856,52.380333],[11.822787,52.380417],[11.822909,52.380501],[11.822936,52.380565],[11.822869,52.38062],[11.822869,52.38058],[11.821937,52.380581],[11.821937,52.380597],[11.821882,52.38054],[11.821906,52.380402],[11.821903,52.380158],[11.821369,52.380166],[11.821289,52.380207],[11.821333,52.381084],[11.821338,52.381356],[11.821366,52.381393],[11.821519,52.381403],[11.822081,52.381398],[11.821428,52.381429],[11.821356,52.381431],[11.821307,52.381419],[11.821269,52.381404],[11.821237,52.38138],[11.821228,52.381095],[11.821228,52.380643],[11.821219,52.380191],[11.821324,52.380138],[11.821963,52.380137],[11.821967,52.380402]]]}},{"type":"Feature","properties":{"k":"grass"},"geometry":{"type":"Polygon","coordinates":[[[11.825737,52.379313],[11.82636,52.379525],[11.826781,52.379786],[11.826792,52.379889],[11.826889,52.379954],[11.827061,52.379939],[11.827038,52.380041],[11.826839,52.380113],[11.82687,52.380169],[11.827006,52.380189],[11.827133,52.380248],[11.827232,52.380016],[11.827765,52.37965],[11.828077,52.379471],[11.828223,52.379425],[11.828424,52.379482],[11.828579,52.379484],[11.828543,52.379588],[11.828354,52.3797],[11.828588,52.37976],[11.828627,52.379871],[11.8288,52.379834],[11.828939,52.379729],[11.828915,52.379603],[11.828694,52.379596],[11.828739,52.379482],[11.828591,52.379418],[11.82842,52.379342],[11.828088,52.379285],[11.82782,52.379137],[11.827494,52.37898],[11.827034,52.379024],[11.826824,52.379082],[11.826614,52.379178],[11.826261,52.379231],[11.825832,52.379144],[11.8258,52.379207],[11.825884,52.379241],[11.826691,52.37929],[11.826686,52.37917],[11.826876,52.379086],[11.827419,52.379055],[11.827411,52.379088],[11.827292,52.379109],[11.827228,52.379162],[11.827241,52.379207],[11.827299,52.37921],[11.827299,52.379231],[11.827255,52.379246],[11.827257,52.379278],[11.827331,52.379328],[11.827458,52.379335],[11.827411,52.379483],[11.826643,52.379506],[11.826675,52.379356],[11.826609,52.379333],[11.825765,52.379279],[11.825727,52.379279],[11.825696,52.379304],[11.82567,52.379344],[11.825644,52.379404],[11.825646,52.379457],[11.825672,52.379395],[11.825737,52.379313]]]}},{"type":"Feature","properties":{"k":"grass"},"geometry":{"type":"Polygon","coordinates":[[[11.828245,52.380359],[11.828319,52.380389],[11.828395,52.380323],[11.828341,52.380302],[11.828326,52.380318],[11.828301,52.380309],[11.828245,52.380359]]]}},{"type":"Feature","properties":{"k":"grass"},"geometry":{"type":"Polygon","coordinates":[[[11.821551,52.378233],[11.821736,52.37828],[11.821811,52.378206],[11.822121,52.377707],[11.821805,52.377637],[11.821586,52.377589],[11.821351,52.377574],[11.821357,52.37752],[11.821263,52.377537],[11.821184,52.377585],[11.821016,52.377585],[11.821034,52.377464],[11.821187,52.37744],[11.821385,52.377163],[11.821653,52.377094],[11.821708,52.376971],[11.821559,52.376921],[11.821505,52.376903],[11.821388,52.376863],[11.821317,52.376879],[11.820675,52.377864],[11.820429,52.377804],[11.820531,52.377649],[11.820478,52.377636],[11.820358,52.377822],[11.820308,52.377807],[11.820427,52.377624],[11.820385,52.377612],[11.820236,52.377842],[11.820033,52.377793],[11.820012,52.377814],[11.819998,52.37784],[11.82001,52.37786],[11.820171,52.377898],[11.820202,52.377875],[11.820242,52.377874],[11.820294,52.377874],[11.82034,52.37785],[11.820367,52.377841],[11.820409,52.377838],[11.820433,52.377829],[11.820465,52.377844],[11.820486,52.377898],[11.820678,52.37795],[11.820671,52.378018],[11.820898,52.378078],[11.82089,52.377772],[11.820919,52.377731],[11.820961,52.377723],[11.820998,52.377802],[11.82108,52.377859],[11.821118,52.377862],[11.821123,52.377807],[11.82116,52.377807],[11.82116,52.377846],[11.82125,52.377841],[11.821326,52.377807],[11.821358,52.377755],[11.821366,52.37773],[11.82158,52.377755],[11.821551,52.378233]]]}},{"type":"Feature","properties":{"k":"grass"},"geometry":{"type":"Polygon","coordinates":[[[11.819922,52.378407],[11.820007,52.378556],[11.820276,52.378448],[11.820593,52.378541],[11.821067,52.3787],[11.821114,52.378716],[11.821104,52.378484],[11.821073,52.378354],[11.820969,52.378232],[11.820879,52.37817],[11.82076,52.378114],[11.820617,52.378068],[11.820596,52.378089],[11.820757,52.378205],[11.820766,52.378283],[11.821031,52.378441],[11.821037,52.3785],[11.820769,52.378484],[11.820699,52.378363],[11.820694,52.378314],[11.820407,52.378346],[11.820273,52.378255],[11.820123,52.378253],[11.820053,52.37835],[11.819922,52.378407]]]}},{"type":"Feature","properties":{"k":"grass"},"geometry":{"type":"Polygon","coordinates":[[[11.821309,52.378463],[11.82147,52.3785],[11.821473,52.378591],[11.821619,52.378616],[11.821656,52.378517],[11.821741,52.378532],[11.821784,52.378619],[11.822086,52.378627],[11.82218,52.378541],[11.821787,52.378413],[11.82182,52.378366],[11.821734,52.378351],[11.821594,52.378353],[11.821395,52.378392],[11.821309,52.378463]]]}},{"type":"Feature","properties":{"k":"track"},"geometry":{"type":"LineString","coordinates":[[11.821764,52.378319],[11.822366,52.37739],[11.822641,52.37695]]}},{"type":"Feature","properties":{"k":"road_minor"},"geometry":{"type":"LineString","coordinates":[[11.820054,52.376412],[11.819849,52.376724],[11.819427,52.377369],[11.81928,52.377595],[11.819442,52.377633],[11.819991,52.377764],[11.820176,52.377807]]}},{"type":"Feature","properties":{"k":"road_minor"},"geometry":{"type":"LineString","coordinates":[[11.819218,52.376199],[11.819893,52.376371],[11.820054,52.376412]]}},{"type":"Feature","properties":{"k":"path"},"geometry":{"type":"LineString","coordinates":[[11.819427,52.377369],[11.819269,52.377329],[11.81919,52.37731]]}},{"type":"Feature","properties":{"k":"path"},"geometry":{"type":"LineString","coordinates":[[11.819849,52.376724],[11.819689,52.376687],[11.819607,52.376668]]}},{"type":"Feature","properties":{"k":"path"},"geometry":{"type":"LineString","coordinates":[[11.819174,52.377481],[11.819269,52.377329],[11.819689,52.376687],[11.819893,52.376371]]}},{"type":"Feature","properties":{"k":"road_minor"},"geometry":{"type":"LineString","coordinates":[[11.819893,52.376371],[11.82007,52.376103],[11.820141,52.376044],[11.820201,52.376034],[11.820518,52.37611]]}},{"type":"Feature","properties":{"k":"grass"},"geometry":{"type":"Polygon","coordinates":[[[11.819122,52.380776],[11.819213,52.380929],[11.819173,52.381022],[11.819298,52.381076],[11.819274,52.381291],[11.81931,52.381341],[11.819469,52.381248],[11.819621,52.381268],[11.819774,52.381183],[11.819963,52.381105],[11.820054,52.380992],[11.819831,52.380878],[11.819524,52.380876],[11.819323,52.380728],[11.818742,52.380502],[11.818486,52.380386],[11.818402,52.380347],[11.818249,52.380371],[11.818234,52.380383],[11.818439,52.380458],[11.818685,52.380549],[11.818906,52.380666],[11.819072,52.380732],[11.819122,52.380776]]]}},{"type":"Feature","properties":{"k":"grass"},"geometry":{"type":"Polygon","coordinates":[[[11.840079,52.378907],[11.840236,52.378758],[11.840387,52.378565],[11.840488,52.378409],[11.84058,52.378252],[11.840598,52.37822],[11.840749,52.377975],[11.840807,52.377874],[11.842894,52.378167],[11.843343,52.378163],[11.843743,52.378102],[11.844541,52.377989],[11.845897,52.377824],[11.846214,52.37779],[11.846317,52.377832],[11.846268,52.37788],[11.846129,52.378011],[11.846018,52.378088],[11.845744,52.378121],[11.845379,52.378183],[11.845047,52.37834],[11.844742,52.378459],[11.844367,52.378633],[11.843984,52.378749],[11.843869,52.378786],[11.843317,52.378956],[11.842634,52.379147],[11.842349,52.379259],[11.842132,52.379319],[11.842045,52.37937],[11.83999,52.379631],[11.839851,52.379649],[11.839808,52.379597],[11.839793,52.379477],[11.839818,52.37934],[11.839855,52.37925],[11.839964,52.379069],[11.840079,52.378907]]]}},{"type":"Feature","properties":{"k":"grass"},"geometry":{"type":"Polygon","coordinates":[[[11.840187,52.378345],[11.840252,52.378373],[11.840315,52.378373],[11.840225,52.378519],[11.840121,52.378663],[11.839947,52.378882],[11.839892,52.378864],[11.839271,52.378854],[11.838279,52.37895],[11.838959,52.377528],[11.839303,52.377004],[11.840639,52.376991],[11.840784,52.377213],[11.840757,52.37735],[11.840527,52.377669],[11.840187,52.378345]]]}},{"type":"Feature","properties":{"k":"grass"},"geometry":{"type":"Polygon","coordinates":[[[11.804257,52.382497],[11.804325,52.382442],[11.80445,52.382502],[11.804651,52.382589],[11.804789,52.382724],[11.804875,52.382772],[11.805155,52.38276],[11.805247,52.382705],[11.805356,52.382611],[11.805528,52.382643],[11.805593,52.382585],[11.805656,52.382496],[11.805761,52.382428],[11.805771,52.382364],[11.805969,52.382277],[11.806325,52.382301],[11.806575,52.382261],[11.807,52.382237],[11.807073,52.382243],[11.807096,52.382319],[11.807066,52.38245],[11.807139,52.382521],[11.807206,52.382558],[11.807233,52.382628],[11.807157,52.382648],[11.807119,52.382663],[11.807065,52.382708],[11.807083,52.382577],[11.806361,52.382485],[11.806302,52.382606],[11.806317,52.382654],[11.806384,52.382709],[11.806412,52.382763],[11.806396,52.382788],[11.806331,52.382834],[11.806241,52.382858],[11.806218,52.382904],[11.806404,52.382932],[11.806893,52.382984],[11.806958,52.382803],[11.807979,52.382792],[11.809794,52.382787],[11.812544,52.382779],[11.812642,52.382822],[11.812732,52.382879],[11.812746,52.382922],[11.812765,52.3832],[11.812775,52.383567],[11.812788,52.384534],[11.812803,52.385637],[11.812765,52.385638],[11.812751,52.386144],[11.812611,52.386225],[11.808831,52.386237],[11.80884,52.386183],[11.808838,52.386159],[11.808743,52.386092],[11.808735,52.38604],[11.808788,52.38603],[11.808812,52.386024],[11.808936,52.386063],[11.809208,52.386065],[11.809592,52.386108],[11.809775,52.386076],[11.810027,52.38607],[11.810199,52.386085],[11.810755,52.386089],[11.811151,52.386089],[11.811479,52.386094],[11.811582,52.38607],[11.811633,52.386001],[11.811638,52.385853],[11.811619,52.385703],[11.811751,52.385634],[11.811983,52.385671],[11.81254,52.385674],[11.812725,52.385639],[11.812723,52.385334],[11.812704,52.383676],[11.81271,52.383389],[11.812684,52.383007],[11.812638,52.382915],[11.812513,52.382858],[11.812246,52.382842],[11.811956,52.382836],[11.811672,52.38282],[11.811307,52.382836],[11.811069,52.382858],[11.810842,52.38284],[11.810737,52.382886],[11.81071,52.382935],[11.81078,52.383078],[11.81075,52.383158],[11.810635,52.383275],[11.810549,52.383456],[11.810503,52.383494],[11.810308,52.383496],[11.810351,52.383427],[11.81043,52.383323],[11.810279,52.383166],[11.810153,52.383108],[11.810038,52.382987],[11.809962,52.382872],[11.809679,52.38287],[11.808816,52.382903],[11.80789,52.382897],[11.807327,52.382911],[11.80703,52.382999],[11.806918,52.383043],[11.80674,52.3831],[11.806588,52.383128],[11.806496,52.383108],[11.806246,52.383029],[11.806028,52.382977],[11.805936,52.382989],[11.805854,52.383055],[11.805771,52.383067],[11.80558,52.383041],[11.80535,52.382973],[11.805145,52.382903],[11.804967,52.382874],[11.804855,52.382892],[11.804773,52.383108],[11.804552,52.383301],[11.804463,52.38349],[11.804509,52.38357],[11.804681,52.383546],[11.804733,52.383536],[11.804829,52.383606],[11.804895,52.383709],[11.805043,52.383779],[11.805093,52.383797],[11.805063,52.38394],[11.804687,52.384194],[11.804668,52.384236],[11.804493,52.38427],[11.804575,52.384135],[11.804664,52.384025],[11.804635,52.383938],[11.804368,52.38393],[11.804246,52.383944],[11.80414,52.384073],[11.804292,52.384147],[11.804302,52.384202],[11.804019,52.384511],[11.803962,52.384612],[11.803811,52.384723],[11.803623,52.384686],[11.803495,52.384582],[11.803376,52.384453],[11.803524,52.384334],[11.803686,52.38421],[11.803771,52.384101],[11.803732,52.384003],[11.803719,52.383834],[11.803831,52.383693],[11.804028,52.38351],[11.804071,52.383319],[11.804101,52.383236],[11.804131,52.3831],[11.804206,52.382969],[11.804137,52.382929],[11.803956,52.38289],[11.803999,52.382788],[11.804008,52.382705],[11.804032,52.382627],[11.804112,52.382602],[11.804001,52.382532],[11.803862,52.382506],[11.803776,52.382532],[11.803685,52.382547],[11.803544,52.382545],[11.803443,52.382555],[11.803336,52.382616],[11.803057,52.382765],[11.802952,52.382844],[11.802815,52.382876],[11.802658,52.382942],[11.802402,52.383075],[11.801878,52.383304],[11.801469,52.383525],[11.801071,52.383695],[11.800881,52.383782],[11.80065,52.383879],[11.800332,52.384037],[11.800225,52.384128],[11.800109,52.384165],[11.799866,52.384229],[11.799667,52.384333],[11.799534,52.384415],[11.799503,52.384436],[11.799448,52.3844],[11.799558,52.384343],[11.799687,52.384257],[11.799779,52.384204],[11.799926,52.384114],[11.800109,52.383999],[11.800246,52.383936],[11.800377,52.383909],[11.800588,52.383822],[11.800812,52.383729],[11.801243,52.383519],[11.80177,52.383265],[11.802077,52.383135],[11.802091,52.383075],[11.802203,52.383029],[11.802442,52.382948],[11.802569,52.382875],[11.802738,52.38279],[11.802877,52.382724],[11.802985,52.382698],[11.803097,52.38265],[11.803382,52.382532],[11.80343,52.382486],[11.803556,52.382376],[11.80358,52.382315],[11.803594,52.382266],[11.803663,52.382231],[11.80378,52.382192],[11.80396,52.382128],[11.804104,52.38206],[11.8043,52.382005],[11.804364,52.382002],[11.804457,52.382058],[11.804414,52.382123],[11.804299,52.382179],[11.804149,52.382245],[11.804046,52.382343],[11.804061,52.382397],[11.804103,52.382459],[11.804257,52.382497]]]}},{"type":"Feature","properties":{"k":"grass"},"geometry":{"type":"Polygon","coordinates":[[[11.815498,52.386214],[11.812994,52.386224],[11.812849,52.386134],[11.812851,52.385353],[11.812881,52.385393],[11.812909,52.385501],[11.812905,52.385654],[11.812901,52.385809],[11.812909,52.385974],[11.812931,52.386022],[11.813001,52.386034],[11.8131,52.38605],[11.813209,52.386089],[11.813319,52.386127],[11.813398,52.386129],[11.81357,52.386129],[11.814123,52.386126],[11.81455,52.386126],[11.814755,52.386084],[11.814935,52.386082],[11.815178,52.386085],[11.815268,52.386103],[11.815369,52.386151],[11.815498,52.386214]]]}},{"type":"Feature","properties":{"k":"building"},"geometry":{"type":"Polygon","coordinates":[[[11.817923,52.384979],[11.817949,52.384979],[11.81795,52.384974],[11.818016,52.384983],[11.818008,52.38503],[11.817942,52.385026],[11.817945,52.384993],[11.817922,52.384993],[11.817923,52.384979]]]}},{"type":"Feature","properties":{"k":"building"},"geometry":{"type":"Polygon","coordinates":[[[11.817816,52.385072],[11.817856,52.385079],[11.817842,52.385115],[11.817996,52.38513],[11.81799,52.385152],[11.81779,52.385134],[11.817816,52.385072]]]}},{"type":"Feature","properties":{"k":"building"},"geometry":{"type":"Polygon","coordinates":[[[11.818227,52.385173],[11.818171,52.385172],[11.818169,52.385207],[11.818225,52.385208],[11.818227,52.385173]]]}},{"type":"Feature","properties":{"k":"building"},"geometry":{"type":"Polygon","coordinates":[[[11.817974,52.385239],[11.817979,52.385171],[11.818096,52.385171],[11.818091,52.385243],[11.817974,52.385239]]]}},{"type":"Feature","properties":{"k":"grass"},"geometry":{"type":"Polygon","coordinates":[[[11.819916,52.385827],[11.819282,52.385829],[11.819287,52.386206],[11.818684,52.386209],[11.818638,52.386209],[11.81864,52.38606],[11.818634,52.385906],[11.818684,52.38572],[11.818759,52.385623],[11.818752,52.385519],[11.81881,52.385444],[11.818926,52.385441],[11.819751,52.385457],[11.819884,52.385473],[11.819923,52.385529],[11.819916,52.385827]]]}},{"type":"Feature","properties":{"k":"building"},"geometry":{"type":"Polygon","coordinates":[[[11.826828,52.385447],[11.826828,52.38547],[11.826945,52.38547],[11.826945,52.385447],[11.826828,52.385447]]]}},{"type":"Feature","properties":{"k":"grass"},"geometry":{"type":"Polygon","coordinates":[[[11.828454,52.385796],[11.826181,52.385804],[11.826254,52.385724],[11.82631,52.385684],[11.826422,52.385662],[11.826587,52.385696],[11.826818,52.38566],[11.827033,52.385607],[11.827076,52.38558],[11.827228,52.385565],[11.827397,52.385557],[11.827491,52.385468],[11.827515,52.385355],[11.827442,52.385283],[11.82744,52.38519],[11.827498,52.385101],[11.827586,52.385047],[11.827766,52.385043],[11.828287,52.385091],[11.828482,52.385111],[11.828521,52.385668],[11.828454,52.385796]]]}},{"type":"Feature","properties":{"k":"grass"},"geometry":{"type":"Polygon","coordinates":[[[11.838449,52.386145],[11.837921,52.386147],[11.837874,52.386125],[11.837874,52.385784],[11.838134,52.385785],[11.838134,52.385837],[11.838402,52.385836],[11.838401,52.385668],[11.838133,52.385669],[11.8379,52.385669],[11.837867,52.385651],[11.837858,52.385517],[11.837878,52.385519],[11.837895,52.385501],[11.837893,52.385473],[11.837931,52.385428],[11.838038,52.385428],[11.838187,52.385428],[11.838362,52.385444],[11.838388,52.385469],[11.838424,52.385519],[11.838472,52.385517],[11.838487,52.38612],[11.838449,52.386145]]]}},{"type":"Feature","properties":{"k":"road_minor"},"geometry":{"type":"LineString","coordinates":[[11.838515,52.38621],[11.838514,52.385469],[11.838489,52.385411],[11.838455,52.385386],[11.838379,52.385379],[11.837912,52.385381],[11.837869,52.385392],[11.837835,52.38541],[11.837831,52.385437],[11.837846,52.386212]]}},{"type":"Feature","properties":{"k":"forest"},"geometry":{"type":"Polygon","coordinates":[[[11.838536,52.385333],[11.838537,52.385417],[11.83854,52.385564],[11.838551,52.385651],[11.838573,52.38569],[11.8386,52.385681],[11.83869,52.385638],[11.838722,52.385611],[11.83869,52.385577],[11.838628,52.385519],[11.838629,52.385471],[11.838653,52.385427],[11.838652,52.385401],[11.838615,52.385361],[11.838618,52.38534],[11.838602,52.385318],[11.838562,52.385316],[11.838542,52.385324],[11.838536,52.385333]]]}},{"type":"Feature","properties":{"k":"forest"},"geometry":{"type":"Polygon","coordinates":[[[11.837869,52.385367],[11.837851,52.385341],[11.837849,52.385275],[11.837849,52.385221],[11.83786,52.385181],[11.837963,52.385228],[11.837971,52.385241],[11.838012,52.385202],[11.838,52.385158],[11.838004,52.385133],[11.838097,52.385123],[11.838252,52.385113],[11.838339,52.385126],[11.83835,52.385151],[11.838372,52.385188],[11.838424,52.385232],[11.83843,52.385272],[11.838418,52.385314],[11.83839,52.385342],[11.838341,52.385359],[11.838227,52.385352],[11.838142,52.385362],[11.838093,52.385366],[11.837869,52.385367]]]}},{"type":"Feature","properties":{"k":"forest"},"geometry":{"type":"Polygon","coordinates":[[[11.837858,52.385517],[11.837854,52.385425],[11.837914,52.38539],[11.838283,52.385388],[11.838452,52.385402],[11.838474,52.385448],[11.838472,52.385517],[11.838424,52.385519],[11.838388,52.385469],[11.838362,52.385444],[11.838187,52.385428],[11.838038,52.385428],[11.837931,52.385428],[11.837893,52.385473],[11.837895,52.385501],[11.837878,52.385519],[11.837858,52.385517]]]}},{"type":"Feature","properties":{"k":"building"},"geometry":{"type":"Polygon","coordinates":[[[11.838398,52.385069],[11.838399,52.384984],[11.838498,52.384984],[11.838498,52.385038],[11.838492,52.385038],[11.838492,52.385065],[11.83846,52.385065],[11.83846,52.385069],[11.838398,52.385069]]]}},{"type":"Feature","properties":{"k":"building"},"geometry":{"type":"Polygon","coordinates":[[[11.837703,52.385336],[11.837703,52.385306],[11.837799,52.385305],[11.8378,52.385335],[11.837703,52.385336]]]}},{"type":"Feature","properties":{"k":"grass"},"geometry":{"type":"Polygon","coordinates":[[[11.837774,52.386147],[11.837592,52.386148],[11.83764,52.386093],[11.837674,52.386047],[11.837653,52.385948],[11.837629,52.385841],[11.837573,52.385706],[11.837494,52.385517],[11.837477,52.385448],[11.83747,52.385336],[11.837462,52.385222],[11.837397,52.385154],[11.8374,52.385101],[11.837526,52.385083],[11.837805,52.385075],[11.838041,52.385023],[11.838272,52.384972],[11.838405,52.384948],[11.838645,52.384966],[11.838774,52.385],[11.83883,52.38511],[11.838796,52.385297],[11.838787,52.38554],[11.838836,52.385577],[11.838843,52.385642],[11.838785,52.385814],[11.838789,52.385923],[11.838795,52.386053],[11.838851,52.386144],[11.838599,52.386145],[11.838547,52.386124],[11.838551,52.385651],[11.838573,52.38569],[11.8386,52.385681],[11.83869,52.385638],[11.838722,52.385611],[11.83869,52.385577],[11.838628,52.385519],[11.838629,52.385471],[11.838653,52.385427],[11.838652,52.385401],[11.838615,52.385361],[11.838618,52.38534],[11.838602,52.385318],[11.838562,52.385316],[11.838542,52.385324],[11.838536,52.385333],[11.838537,52.385417],[11.838514,52.385383],[11.838479,52.385371],[11.838412,52.385365],[11.838093,52.385366],[11.838142,52.385362],[11.838227,52.385352],[11.838341,52.385359],[11.83839,52.385342],[11.838418,52.385314],[11.83843,52.385272],[11.838424,52.385232],[11.838372,52.385188],[11.83835,52.385151],[11.838339,52.385126],[11.838252,52.385113],[11.838097,52.385123],[11.838004,52.385133],[11.838,52.385158],[11.838012,52.385202],[11.837971,52.385241],[11.837963,52.385228],[11.83786,52.385181],[11.837849,52.385221],[11.837849,52.385275],[11.837851,52.385341],[11.837869,52.385367],[11.837837,52.385387],[11.837815,52.385412],[11.837812,52.385429],[11.83781,52.386125],[11.837774,52.386147]]]}},{"type":"Feature","properties":{"k":"forest"},"geometry":{"type":"Polygon","coordinates":[[[11.830769,52.382576],[11.831255,52.382552],[11.831708,52.382536],[11.831786,52.382536],[11.831829,52.382578],[11.831814,52.382626],[11.831738,52.382678],[11.831606,52.382723],[11.831446,52.382805],[11.831401,52.382838],[11.831059,52.382996],[11.830816,52.383127],[11.830385,52.383315],[11.829648,52.383644],[11.829127,52.383909],[11.828831,52.384058],[11.828763,52.384063],[11.828719,52.384054],[11.828687,52.384004],[11.828672,52.38391],[11.82865,52.383705],[11.828648,52.38318],[11.828639,52.382863],[11.828663,52.382763],[11.828663,52.382673],[11.828879,52.382629],[11.829845,52.382638],[11.830344,52.38261],[11.830532,52.382699],[11.83069,52.382672],[11.830769,52.382576]]]}},{"type":"Feature","properties":{"k":"forest"},"geometry":{"type":"Polygon","coordinates":[[[11.832932,52.381742],[11.832728,52.381872],[11.832941,52.382071],[11.832812,52.382199],[11.832555,52.382321],[11.832087,52.382521],[11.83197,52.382519],[11.83177,52.382452],[11.831612,52.382441],[11.831125,52.382471],[11.830795,52.3825],[11.829816,52.382522],[11.828869,52.382492],[11.828667,52.382475],[11.828722,52.382057],[11.828576,52.382058],[11.828604,52.381613],[11.828621,52.381537],[11.828695,52.381501],[11.828793,52.381485],[11.829316,52.381477],[11.829658,52.381487],[11.830262,52.381494],[11.830584,52.381559],[11.830816,52.381597],[11.83109,52.381637],[11.831924,52.381677],[11.832336,52.381675],[11.83261,52.381689],[11.832802,52.381713],[11.832932,52.381742]]]}},{"type":"Feature","properties":{"k":"forest"},"geometry":{"type":"Polygon","coordinates":[[[11.834501,52.379733],[11.834506,52.379817],[11.834476,52.37992],[11.83443,52.380055],[11.834407,52.380169],[11.834367,52.380277],[11.834319,52.380336],[11.834211,52.38039],[11.834123,52.380414],[11.833978,52.380429],[11.833899,52.380432],[11.833931,52.380139],[11.833974,52.379979],[11.833967,52.379867],[11.833918,52.379843],[11.833845,52.379869],[11.833805,52.379935],[11.833771,52.380034],[11.833743,52.380132],[11.83372,52.380299],[11.833718,52.380357],[11.83369,52.380391],[11.833591,52.380427],[11.833272,52.380428],[11.832855,52.380411],[11.832367,52.380369],[11.832328,52.38034],[11.832361,52.380306],[11.832481,52.380308],[11.832642,52.380303],[11.832796,52.380289],[11.832876,52.380227],[11.832921,52.380128],[11.832937,52.379978],[11.832926,52.379815],[11.832832,52.379794],[11.832586,52.379788],[11.832402,52.379805],[11.832324,52.379853],[11.832295,52.37995],[11.832272,52.380143],[11.832245,52.380241],[11.832194,52.380289],[11.83203,52.380337],[11.831522,52.380294],[11.831494,52.380244],[11.831549,52.380217],[11.831799,52.380219],[11.831918,52.380128],[11.831908,52.380072],[11.831908,52.379811],[11.831835,52.379766],[11.831539,52.379716],[11.831387,52.379715],[11.831339,52.379914],[11.831331,52.3801],[11.831306,52.380202],[11.83127,52.380245],[11.831194,52.380259],[11.831021,52.380193],[11.830743,52.380067],[11.830651,52.380016],[11.830621,52.37997],[11.830746,52.379848],[11.830791,52.379777],[11.830799,52.379711],[11.83081,52.37963],[11.830843,52.379469],[11.830904,52.379387],[11.831018,52.379331],[11.831099,52.379309],[11.83128,52.379293],[11.831657,52.379286],[11.831827,52.379247],[11.83196,52.379211],[11.83212,52.379135],[11.832212,52.379076],[11.832367,52.37906],[11.833461,52.379089],[11.833745,52.379094],[11.834092,52.379109],[11.834232,52.379113],[11.834311,52.379147],[11.834372,52.379204],[11.834413,52.379326],[11.834483,52.379598],[11.834501,52.379733]]]}},{"type":"Feature","properties":{"k":"grass"},"geometry":{"type":"Polygon","coordinates":[[[11.833591,52.380427],[11.83369,52.380391],[11.833718,52.380357],[11.83372,52.380299],[11.833743,52.380132],[11.833771,52.380034],[11.833805,52.379935],[11.833845,52.379869],[11.833918,52.379843],[11.833967,52.379867],[11.833974,52.379979],[11.833931,52.380139],[11.833899,52.380432],[11.833591,52.380427]]]}},{"type":"Feature","properties":{"k":"grass"},"geometry":{"type":"Polygon","coordinates":[[[11.83203,52.380337],[11.832194,52.380289],[11.832245,52.380241],[11.832272,52.380143],[11.832295,52.37995],[11.832324,52.379853],[11.832402,52.379805],[11.832586,52.379788],[11.832832,52.379794],[11.832926,52.379815],[11.832937,52.379978],[11.832921,52.380128],[11.832876,52.380227],[11.832796,52.380289],[11.832642,52.380303],[11.832481,52.380308],[11.832361,52.380306],[11.832328,52.38034],[11.832367,52.380369],[11.83203,52.380337]]]}},{"type":"Feature","properties":{"k":"grass"},"geometry":{"type":"Polygon","coordinates":[[[11.831194,52.380259],[11.83127,52.380245],[11.831306,52.380202],[11.831331,52.3801],[11.831339,52.379914],[11.831387,52.379715],[11.831539,52.379716],[11.831835,52.379766],[11.831908,52.379811],[11.831908,52.380072],[11.831918,52.380128],[11.831799,52.380219],[11.831549,52.380217],[11.831494,52.380244],[11.831522,52.380294],[11.831436,52.380293],[11.831296,52.38028],[11.831194,52.380259]]]}},{"type":"Feature","properties":{"k":"forest"},"geometry":{"type":"Polygon","coordinates":[[[11.834598,52.379745],[11.83472,52.379797],[11.834753,52.379845],[11.834728,52.379937],[11.834693,52.379979],[11.834644,52.38],[11.834619,52.380039],[11.83457,52.380096],[11.834496,52.380137],[11.834519,52.380032],[11.834583,52.379923],[11.834603,52.379853],[11.834598,52.379745]]]}},{"type":"Feature","properties":{"k":"grass"},"geometry":{"type":"Polygon","coordinates":[[[11.834598,52.379745],[11.834829,52.379742],[11.834941,52.379824],[11.83488,52.380281],[11.834516,52.380258],[11.834473,52.380274],[11.834496,52.380137],[11.83457,52.380096],[11.834619,52.380039],[11.834644,52.38],[11.834693,52.379979],[11.834728,52.379937],[11.834753,52.379845],[11.83472,52.379797],[11.834598,52.379745]]]}},{"type":"Feature","properties":{"k":"grass"},"geometry":{"type":"Polygon","coordinates":[[[11.834397,52.381121],[11.834374,52.381152],[11.834333,52.381203],[11.834377,52.380897],[11.83442,52.380689],[11.834443,52.380613],[11.834479,52.380543],[11.834479,52.380479],[11.834476,52.380445],[11.834461,52.380384],[11.834805,52.380412],[11.834863,52.380435],[11.834876,52.380455],[11.834861,52.380509],[11.834819,52.380576],[11.834741,52.380591],[11.834532,52.380583],[11.834492,52.380616],[11.834479,52.380673],[11.834397,52.381121]]]}},{"type":"Feature","properties":{"k":"building"},"geometry":{"type":"Polygon","coordinates":[[[11.835051,52.380554],[11.835041,52.380608],[11.835153,52.380615],[11.835163,52.380562],[11.835051,52.380554]]]}},{"type":"Feature","properties":{"k":"grass"},"geometry":{"type":"Polygon","coordinates":[[[11.832458,52.38042],[11.832507,52.380471],[11.832661,52.380484],[11.832796,52.380497],[11.832748,52.380658],[11.832725,52.380959],[11.832672,52.381039],[11.832486,52.381043],[11.832242,52.381021],[11.832214,52.380956],[11.832227,52.380843],[11.832316,52.380636],[11.832366,52.380495],[11.832385,52.380447],[11.832288,52.38041],[11.832458,52.38042]]]}},{"type":"Feature","properties":{"k":"grass"},"geometry":{"type":"Polygon","coordinates":[[[11.833555,52.380472],[11.833492,52.380508],[11.83357,52.380557],[11.833789,52.380607],[11.833786,52.380714],[11.833649,52.381137],[11.833184,52.381067],[11.833188,52.380998],[11.833216,52.380696],[11.833278,52.380472],[11.833555,52.380472]]]}},{"type":"Feature","properties":{"k":"forest"},"geometry":{"type":"Polygon","coordinates":[[[11.834111,52.381622],[11.834001,52.381541],[11.833868,52.38148],[11.833847,52.381428],[11.833866,52.381352],[11.833926,52.381263],[11.833978,52.381056],[11.833992,52.380897],[11.834021,52.380714],[11.834031,52.380602],[11.833985,52.380517],[11.83395,52.380479],[11.834061,52.380469],[11.834166,52.380458],[11.834247,52.380429],[11.8343,52.38042],[11.834379,52.38045],[11.834395,52.380495],[11.834356,52.380564],[11.834329,52.380624],[11.834296,52.380768],[11.834247,52.381098],[11.834245,52.381284],[11.834229,52.381367],[11.834184,52.381498],[11.83417,52.381549],[11.834146,52.381592],[11.834111,52.381622]]]}},{"type":"Feature","properties":{"k":"forest"},"geometry":{"type":"Polygon","coordinates":[[[11.833758,52.381431],[11.83369,52.381293],[11.833541,52.381271],[11.833369,52.3814],[11.833342,52.381483],[11.832986,52.381708],[11.832894,52.381686],[11.832739,52.381652],[11.832504,52.381628],[11.832363,52.381615],[11.832166,52.381611],[11.831782,52.381622],[11.831299,52.381598],[11.831052,52.381571],[11.830897,52.381542],[11.83062,52.381484],[11.830449,52.381447],[11.830197,52.381422],[11.830024,52.381411],[11.829885,52.381408],[11.829981,52.381336],[11.830108,52.38124],[11.830189,52.381165],[11.830247,52.38109],[11.830338,52.380925],[11.830399,52.380792],[11.830519,52.380759],[11.830645,52.38074],[11.83074,52.380501],[11.830473,52.380483],[11.830502,52.380311],[11.830532,52.380145],[11.83058,52.380099],[11.830646,52.380097],[11.830776,52.380156],[11.831035,52.380274],[11.831315,52.380333],[11.831417,52.380331],[11.832071,52.380399],[11.832288,52.38041],[11.832385,52.380447],[11.832366,52.380495],[11.832316,52.380636],[11.832227,52.380843],[11.832214,52.380956],[11.832242,52.381021],[11.832486,52.381043],[11.832672,52.381039],[11.832725,52.380959],[11.832748,52.380658],[11.832796,52.380497],[11.832661,52.380484],[11.832507,52.380471],[11.832458,52.38042],[11.832847,52.380452],[11.833278,52.380472],[11.833216,52.380696],[11.833188,52.380998],[11.833184,52.381067],[11.833649,52.381137],[11.833786,52.380714],[11.833789,52.380607],[11.83357,52.380557],[11.833492,52.380508],[11.833555,52.380472],[11.833729,52.380485],[11.833779,52.380488],[11.833857,52.380507],[11.833922,52.380611],[11.833922,52.380707],[11.833903,52.380822],[11.833858,52.381022],[11.833858,52.381117],[11.833871,52.381168],[11.833842,52.381226],[11.833758,52.381431]]]}},{"type":"Feature","properties":{"k":"building"},"geometry":{"type":"Polygon","coordinates":[[[11.839197,52.381108],[11.839192,52.381158],[11.839274,52.381161],[11.839279,52.381111],[11.839197,52.381108]]]}},{"type":"Feature","properties":{"k":"building"},"geometry":{"type":"Polygon","coordinates":[[[11.839099,52.38144],[11.839098,52.381805],[11.83927,52.381805],[11.839271,52.381441],[11.839099,52.38144]]]}},{"type":"Feature","properties":{"k":"track"},"geometry":{"type":"LineString","coordinates":[[11.836855,52.379433],[11.836875,52.379252],[11.836955,52.378888]]}},{"type":"Feature","properties":{"k":"track"},"geometry":{"type":"LineString","coordinates":[[11.833708,52.381915],[11.833931,52.38193],[11.834198,52.38195],[11.834303,52.38193],[11.834399,52.381882],[11.834451,52.38182],[11.834542,52.381774],[11.834641,52.381781],[11.834843,52.38179],[11.834988,52.381821],[11.835375,52.381922],[11.835583,52.381984],[11.835662,52.382034],[11.83584,52.382083],[11.836048,52.382105],[11.83624,52.38211],[11.836435,52.382101],[11.83657,52.38207],[11.836661,52.382044]]}},{"type":"Feature","properties":{"k":"forest"},"geometry":{"type":"Polygon","coordinates":[[[11.834107,52.381886],[11.834151,52.38183],[11.834191,52.381648],[11.834254,52.381543],[11.834283,52.38145],[11.834305,52.381329],[11.834333,52.381203],[11.834374,52.381152],[11.834397,52.381121],[11.834666,52.381139],[11.834747,52.380692],[11.834479,52.380673],[11.834492,52.380616],[11.834532,52.380583],[11.834741,52.380591],[11.834819,52.380576],[11.834861,52.380509],[11.834876,52.380455],[11.834863,52.380435],[11.834805,52.380412],[11.834461,52.380384],[11.834473,52.380274],[11.834516,52.380258],[11.83488,52.380281],[11.834941,52.379824],[11.834829,52.379742],[11.834598,52.379745],[11.834562,52.379542],[11.834524,52.37936],[11.834488,52.379186],[11.834667,52.379195],[11.835283,52.379208],[11.835913,52.379184],[11.836092,52.379206],[11.836179,52.379243],[11.836239,52.379335],[11.83639,52.379388],[11.836725,52.379445],[11.836944,52.379504],[11.837074,52.379566],[11.837122,52.379626],[11.837074,52.379769],[11.837,52.380086],[11.836917,52.380455],[11.836851,52.380671],[11.836804,52.380667],[11.836796,52.380702],[11.836786,52.38074],[11.836818,52.38077],[11.836859,52.380786],[11.836874,52.38085],[11.836866,52.380923],[11.836771,52.381275],[11.836637,52.381845],[11.836598,52.382018],[11.836336,52.382067],[11.836207,52.382075],[11.835993,52.382069],[11.835885,52.382049],[11.835665,52.382001],[11.835515,52.381934],[11.835366,52.381886],[11.835105,52.38182],[11.834845,52.381752],[11.834624,52.381733],[11.834453,52.381764],[11.834356,52.381857],[11.834316,52.381895],[11.834254,52.381924],[11.834155,52.381926],[11.834123,52.381909],[11.834107,52.381886]]]}},{"type":"Feature","properties":{"k":"building"},"geometry":{"type":"Polygon","coordinates":[[[11.836804,52.380667],[11.836796,52.380702],[11.836884,52.38071],[11.836893,52.380674],[11.836851,52.380671],[11.836804,52.380667]]]}},{"type":"Feature","properties":{"k":"track"},"geometry":{"type":"LineString","coordinates":[[11.834404,52.379145],[11.834649,52.379149],[11.834937,52.379161],[11.83523,52.379151],[11.835517,52.379143],[11.836006,52.379135],[11.83612,52.379148],[11.836193,52.379177],[11.836254,52.379216],[11.836288,52.379288],[11.836336,52.379313],[11.836443,52.379354],[11.836754,52.379411],[11.836855,52.379433],[11.836977,52.379459],[11.837102,52.379501],[11.837184,52.379554],[11.837209,52.379623],[11.837174,52.379774]]}},{"type":"Feature","properties":{"k":"grass"},"geometry":{"type":"Polygon","coordinates":[[[11.828118,52.384453],[11.828189,52.384496],[11.828244,52.384514],[11.828229,52.384586],[11.828181,52.384629],[11.828044,52.384642],[11.827955,52.384586],[11.827947,52.384501],[11.827998,52.384427],[11.828036,52.384326],[11.828026,52.384213],[11.828005,52.384135],[11.827936,52.384092],[11.82788,52.384078],[11.82767,52.384073],[11.828013,52.384038],[11.82844,52.384017],[11.828483,52.38404],[11.828484,52.384256],[11.828431,52.384184],[11.828412,52.384107],[11.828382,52.384087],[11.828362,52.384094],[11.828121,52.384094],[11.828118,52.384453]]]}},{"type":"Feature","properties":{"k":"forest"},"geometry":{"type":"Polygon","coordinates":[[[11.828431,52.384184],[11.828484,52.384256],[11.828482,52.385111],[11.828287,52.385091],[11.827766,52.385043],[11.827586,52.385047],[11.827498,52.385101],[11.82744,52.38519],[11.827442,52.385283],[11.827515,52.385355],[11.827491,52.385468],[11.827397,52.385557],[11.827228,52.385565],[11.827076,52.38558],[11.827033,52.385607],[11.826818,52.38566],[11.826587,52.385696],[11.826422,52.385662],[11.82631,52.385684],[11.826254,52.385724],[11.826181,52.385804],[11.826008,52.385805],[11.825993,52.385562],[11.825993,52.385342],[11.825979,52.385198],[11.826018,52.384789],[11.826035,52.384477],[11.826068,52.384338],[11.82618,52.384252],[11.826357,52.384192],[11.826657,52.384141],[11.827013,52.384115],[11.82767,52.384073],[11.82788,52.384078],[11.827936,52.384092],[11.828005,52.384135],[11.828026,52.384213],[11.828036,52.384326],[11.827998,52.384427],[11.827947,52.384501],[11.827955,52.384586],[11.828044,52.384642],[11.828181,52.384629],[11.828229,52.384586],[11.828244,52.384514],[11.828189,52.384496],[11.828118,52.384453],[11.828359,52.384454],[11.828362,52.384094],[11.828382,52.384087],[11.828412,52.384107],[11.828431,52.384184]]]}},{"type":"Feature","properties":{"k":"grass"},"geometry":{"type":"Polygon","coordinates":[[[11.819752,52.38285],[11.820593,52.382864],[11.820769,52.38289],[11.820889,52.382971],[11.820839,52.383134],[11.820885,52.38325],[11.821187,52.383369],[11.822188,52.383356],[11.822178,52.382834],[11.822392,52.382831],[11.822924,52.382828],[11.82386,52.382889],[11.823956,52.382881],[11.823952,52.382844],[11.823934,52.382793],[11.823909,52.382761],[11.822218,52.38276],[11.821993,52.382873],[11.821987,52.383018],[11.822059,52.38302],[11.822056,52.383188],[11.82126,52.383183],[11.821274,52.383],[11.821344,52.382982],[11.82141,52.382935],[11.821458,52.382864],[11.821422,52.382816],[11.821377,52.382773],[11.821288,52.382762],[11.821122,52.38276],[11.818651,52.382773],[11.816264,52.382775],[11.814979,52.382777],[11.814908,52.382801],[11.814848,52.382842],[11.81529,52.382835],[11.815706,52.382881],[11.81611,52.382854],[11.816288,52.382818],[11.81726,52.38282],[11.818598,52.382834],[11.819752,52.38285]]]}},{"type":"Feature","properties":{"k":"grass"},"geometry":{"type":"Polygon","coordinates":[[[11.824512,52.382816],[11.824023,52.382875],[11.824003,52.382812],[11.824008,52.38277],[11.824026,52.382758],[11.828018,52.382757],[11.828133,52.382775],[11.828209,52.382793],[11.828305,52.382839],[11.828381,52.382883],[11.828427,52.382928],[11.828466,52.382977],[11.828484,52.383022],[11.828491,52.383259],[11.828502,52.383973],[11.82839,52.38397],[11.82838,52.383918],[11.828389,52.383804],[11.828368,52.383632],[11.828351,52.383406],[11.828385,52.383234],[11.828424,52.382964],[11.828287,52.382884],[11.828102,52.382815],[11.827736,52.382813],[11.827398,52.382793],[11.825712,52.382798],[11.824628,52.382822],[11.824512,52.382816]]]}},{"type":"Feature","properties":{"k":"forest"},"geometry":{"type":"Polygon","coordinates":[[[11.824293,52.383959],[11.824015,52.383907],[11.824082,52.383837],[11.824112,52.383742],[11.824168,52.383671],[11.824188,52.383668],[11.824218,52.383711],[11.824257,52.383807],[11.824277,52.383878],[11.824288,52.383925],[11.824293,52.383959]]]}},{"type":"Feature","properties":{"k":"forest"},"geometry":{"type":"Polygon","coordinates":[[[11.827398,52.382793],[11.827736,52.382813],[11.828102,52.382815],[11.828287,52.382884],[11.828424,52.382964],[11.828385,52.383234],[11.828351,52.383406],[11.828368,52.383632],[11.828389,52.383804],[11.82838,52.383918],[11.82839,52.38397],[11.827776,52.384005],[11.827183,52.384037],[11.826781,52.384079],[11.826415,52.384131],[11.826091,52.384213],[11.826,52.38428],[11.82598,52.38436],[11.825883,52.38427],[11.825728,52.384224],[11.825379,52.384168],[11.824687,52.384031],[11.824443,52.383987],[11.824387,52.383812],[11.824193,52.383437],[11.824127,52.383244],[11.824048,52.383049],[11.824023,52.382875],[11.824512,52.382816],[11.824628,52.382822],[11.825712,52.382798],[11.827398,52.382793]]]}},{"type":"Feature","properties":{"k":"forest"},"geometry":{"type":"Polygon","coordinates":[[[11.814316,52.383032],[11.814272,52.382984],[11.814267,52.382937],[11.814275,52.382885],[11.814402,52.382813],[11.814522,52.382777],[11.814602,52.382777],[11.814699,52.382805],[11.814745,52.382833],[11.814727,52.382872],[11.814648,52.382921],[11.814514,52.382997],[11.814417,52.383045],[11.814369,52.383054],[11.814335,52.383047],[11.814316,52.383032]]]}},{"type":"Feature","properties":{"k":"forest"},"geometry":{"type":"Polygon","coordinates":[[[11.814918,52.383851],[11.814648,52.383624],[11.814678,52.383611],[11.814569,52.383519],[11.814319,52.38363],[11.814186,52.383518],[11.814372,52.383436],[11.814524,52.38339],[11.814593,52.38343],[11.814689,52.383515],[11.814771,52.383584],[11.814837,52.383652],[11.814918,52.383851]]]}},{"type":"Feature","properties":{"k":"forest"},"geometry":{"type":"Polygon","coordinates":[[[11.813766,52.383407],[11.813783,52.383432],[11.81399,52.383606],[11.814106,52.383554],[11.814239,52.383665],[11.814059,52.383745],[11.814168,52.383837],[11.814201,52.383823],[11.814417,52.384005],[11.814284,52.384054],[11.814234,52.384054],[11.814069,52.38392],[11.813943,52.383832],[11.813803,52.38373],[11.813689,52.383622],[11.813641,52.383541],[11.813656,52.383483],[11.813709,52.383424],[11.813766,52.383407]]]}},{"type":"Feature","properties":{"k":"building"},"geometry":{"type":"Polygon","coordinates":[[[11.813202,52.384674],[11.813389,52.384676],[11.813378,52.385006],[11.813191,52.385004],[11.813202,52.384674]]]}},{"type":"Feature","properties":{"k":"forest"},"geometry":{"type":"Polygon","coordinates":[[[11.814679,52.382993],[11.814776,52.382915],[11.814848,52.382842],[11.81529,52.382835],[11.815706,52.382881],[11.81611,52.382854],[11.816288,52.382818],[11.81726,52.38282],[11.818598,52.382834],[11.819752,52.38285],[11.820593,52.382864],[11.820769,52.38289],[11.820889,52.382971],[11.820839,52.383134],[11.820885,52.38325],[11.821187,52.383369],[11.822188,52.383356],[11.822178,52.382834],[11.822392,52.382831],[11.822924,52.382828],[11.82386,52.382889],[11.823863,52.38296],[11.823875,52.383041],[11.823893,52.3831],[11.823926,52.383171],[11.82401,52.383307],[11.824114,52.383467],[11.824122,52.383544],[11.824043,52.383666],[11.823942,52.383824],[11.823923,52.38389],[11.823707,52.383921],[11.82368,52.383942],[11.823406,52.3841],[11.823116,52.384013],[11.823027,52.384124],[11.823539,52.384277],[11.823509,52.384324],[11.823476,52.384356],[11.823479,52.384412],[11.82354,52.384424],[11.823611,52.384411],[11.823824,52.384164],[11.823961,52.383963],[11.823997,52.383955],[11.82483,52.384101],[11.825295,52.384196],[11.825565,52.384243],[11.825796,52.384302],[11.825888,52.38435],[11.825962,52.38442],[11.82596,52.384626],[11.825932,52.384922],[11.825919,52.385175],[11.825951,52.385805],[11.819916,52.385827],[11.819923,52.385529],[11.819884,52.385473],[11.819751,52.385457],[11.818926,52.385441],[11.81881,52.385444],[11.818752,52.385519],[11.818759,52.385623],[11.818684,52.38572],[11.818634,52.385906],[11.81864,52.38606],[11.818638,52.386209],[11.815498,52.386214],[11.815369,52.386151],[11.815268,52.386103],[11.815178,52.386085],[11.814935,52.386082],[11.814755,52.386084],[11.81455,52.386126],[11.814123,52.386126],[11.81357,52.386129],[11.813398,52.386129],[11.813319,52.386127],[11.813209,52.386089],[11.8131,52.38605],[11.813001,52.386034],[11.812931,52.386022],[11.812909,52.385974],[11.812901,52.385809],[11.812905,52.385654],[11.812909,52.385501],[11.812881,52.385393],[11.812851,52.385353],[11.812849,52.383843],[11.812832,52.383371],[11.812978,52.383352],[11.813089,52.383359],[11.813697,52.383369],[11.81358,52.383427],[11.813392,52.383517],[11.813293,52.383563],[11.813335,52.38363],[11.814374,52.384476],[11.814152,52.384574],[11.813994,52.384601],[11.813847,52.384571],[11.813691,52.384491],[11.813608,52.3845],[11.813628,52.384604],[11.814013,52.38491],[11.814457,52.384714],[11.814368,52.384612],[11.814458,52.384587],[11.814597,52.384633],[11.814656,52.384663],[11.815173,52.384467],[11.815244,52.384508],[11.815407,52.384612],[11.815687,52.384507],[11.815326,52.384207],[11.815081,52.384059],[11.815045,52.383926],[11.815028,52.383851],[11.814959,52.383726],[11.81491,52.383556],[11.814839,52.383436],[11.814598,52.383241],[11.814473,52.383109],[11.814493,52.383068],[11.814572,52.383035],[11.814636,52.38307],[11.815026,52.383411],[11.815137,52.383504],[11.815303,52.383431],[11.81519,52.383337],[11.815027,52.383187],[11.814954,52.383094],[11.814893,52.383014],[11.814832,52.383005],[11.814773,52.383028],[11.814707,52.383029],[11.814671,52.38301],[11.814679,52.382993]]]}},{"type":"Feature","properties":{"k":"building"},"geometry":{"type":"Polygon","coordinates":[[[11.810395,52.382878],[11.810248,52.382877],[11.810245,52.382964],[11.810392,52.382966],[11.810395,52.382878]]]}},{"type":"Feature","properties":{"k":"grass"},"geometry":{"type":"Polygon","coordinates":[[[11.809873,52.382731],[11.809836,52.382725],[11.80975,52.3827],[11.809623,52.382649],[11.80976,52.382669],[11.809822,52.382672],[11.809888,52.382657],[11.809916,52.382601],[11.809918,52.382524],[11.809977,52.382468],[11.810091,52.382453],[11.81013,52.382489],[11.810106,52.382536],[11.810027,52.382599],[11.809971,52.382657],[11.810091,52.382685],[11.810275,52.3827],[11.810419,52.382702],[11.810595,52.382696],[11.810663,52.382687],[11.810742,52.382665],[11.810864,52.382608],[11.810949,52.382593],[11.811004,52.382612],[11.811144,52.382658],[11.811206,52.382653],[11.811294,52.382624],[11.811399,52.382654],[11.811475,52.38268],[11.811537,52.382697],[11.811686,52.382694],[11.811775,52.382673],[11.811883,52.382677],[11.812013,52.382666],[11.812137,52.382639],[11.812262,52.38265],[11.812371,52.382689],[11.812562,52.382679],[11.812832,52.382687],[11.813076,52.382675],[11.813218,52.382657],[11.813386,52.382621],[11.813623,52.382619],[11.813873,52.382625],[11.814186,52.382597],[11.81446,52.382601],[11.814648,52.382581],[11.81472,52.382532],[11.814773,52.382478],[11.814842,52.382434],[11.814951,52.3824],[11.81502,52.382325],[11.81504,52.382263],[11.815148,52.382187],[11.815287,52.38217],[11.815326,52.382124],[11.815326,52.382088],[11.815383,52.38209],[11.815381,52.382108],[11.815333,52.382154],[11.815274,52.382204],[11.814995,52.382411],[11.814674,52.38264],[11.81459,52.382691],[11.814518,52.382716],[11.814461,52.382721],[11.812362,52.382722],[11.809873,52.382731]]]}},{"type":"Feature","properties":{"k":"grass"},"geometry":{"type":"Polygon","coordinates":[[[11.815349,52.38006],[11.815558,52.380028],[11.815581,52.379871],[11.815574,52.379813],[11.815598,52.379805],[11.815696,52.379798],[11.815913,52.379808],[11.816042,52.379805],[11.816026,52.379739],[11.816052,52.37967],[11.815928,52.379687],[11.815769,52.379672],[11.815605,52.37959],[11.815538,52.379506],[11.815476,52.37936],[11.815453,52.379476],[11.815427,52.379561],[11.815386,52.379648],[11.815375,52.379688],[11.815349,52.379885],[11.815341,52.379955],[11.815356,52.379993],[11.815349,52.38006]]]}},{"type":"Feature","properties":{"k":"grass"},"geometry":{"type":"Polygon","coordinates":[[[11.815435,52.379159],[11.815198,52.379054],[11.81463,52.378834],[11.813995,52.378573],[11.813405,52.378333],[11.813212,52.378214],[11.812953,52.378064],[11.812833,52.378069],[11.812767,52.37811],[11.812621,52.378076],[11.812548,52.377971],[11.812398,52.377912],[11.812285,52.377873],[11.812134,52.377769],[11.812054,52.377756],[11.811943,52.377724],[11.811715,52.377603],[11.811619,52.377513],[11.81155,52.377447],[11.811548,52.377356],[11.811642,52.377249],[11.811701,52.37717],[11.811793,52.377124],[11.811936,52.377145],[11.81196,52.377224],[11.81184,52.377319],[11.811732,52.377435],[11.811821,52.377497],[11.811993,52.377592],[11.812136,52.377603],[11.812242,52.377474],[11.812322,52.377376],[11.812407,52.377316],[11.812482,52.377319],[11.812419,52.377443],[11.812329,52.377556],[11.812347,52.377613],[11.812585,52.377713],[11.812704,52.377608],[11.812901,52.377661],[11.813063,52.377658],[11.813134,52.377688],[11.813172,52.377742],[11.813188,52.377766],[11.813308,52.377784],[11.813463,52.377734],[11.813581,52.377687],[11.81355,52.377753],[11.813303,52.377876],[11.813158,52.377964],[11.813136,52.378034],[11.81328,52.378146],[11.813463,52.37826],[11.813812,52.378396],[11.813927,52.378426],[11.814419,52.378635],[11.815087,52.378886],[11.815407,52.379028],[11.815518,52.37908],[11.815435,52.379159]]]}},{"type":"Feature","properties":{"k":"building"},"geometry":{"type":"Polygon","coordinates":[[[11.812347,52.377613],[11.812464,52.37751],[11.812559,52.377551],[11.812562,52.377548],[11.812704,52.377608],[11.812585,52.377713],[11.812347,52.377613]]]}},{"type":"Feature","properties":{"k":"building"},"geometry":{"type":"Polygon","coordinates":[[[11.815924,52.379455],[11.815929,52.379528],[11.816011,52.379526],[11.816006,52.379452],[11.815924,52.379455]]]}},{"type":"Feature","properties":{"k":"forest"},"geometry":{"type":"Polygon","coordinates":[[[11.815113,52.381105],[11.81515,52.381064],[11.815156,52.381051],[11.815147,52.380963],[11.815145,52.380857],[11.815163,52.380828],[11.815166,52.380779],[11.815103,52.380646],[11.8151,52.38059],[11.81511,52.380565],[11.81512,52.380475],[11.815082,52.380404],[11.815062,52.380373],[11.815046,52.380334],[11.815055,52.380272],[11.815042,52.380226],[11.815026,52.380189],[11.814859,52.380159],[11.814668,52.380158],[11.814716,52.380365],[11.814717,52.380401],[11.814983,52.380405],[11.814985,52.381087],[11.815042,52.381099],[11.815081,52.381107],[11.815113,52.381105]]]}},{"type":"Feature","properties":{"k":"building"},"geometry":{"type":"Polygon","coordinates":[[[11.813938,52.379839],[11.814027,52.379839],[11.814024,52.37968],[11.81406,52.37968],[11.81406,52.379659],[11.814023,52.379659],[11.814022,52.379609],[11.813948,52.379609],[11.81395,52.379713],[11.813918,52.379713],[11.813918,52.379735],[11.813944,52.379735],[11.813944,52.379754],[11.813908,52.379754],[11.813909,52.379784],[11.813937,52.379784],[11.813938,52.379839]]]}},{"type":"Feature","properties":{"k":"grass"},"geometry":{"type":"Polygon","coordinates":[[[11.815127,52.381921],[11.81512,52.381891],[11.814847,52.381908],[11.814565,52.381922],[11.814379,52.381901],[11.814092,52.381902],[11.813329,52.381905],[11.812355,52.381894],[11.810687,52.381902],[11.80991,52.381899],[11.809781,52.381938],[11.809496,52.381978],[11.809214,52.38198],[11.809033,52.38194],[11.808732,52.381935],[11.808263,52.381924],[11.807583,52.381937],[11.807247,52.381937],[11.807068,52.381978],[11.806746,52.381993],[11.8064,52.381993],[11.806141,52.381996],[11.805828,52.381955],[11.80544,52.381947],[11.805209,52.381937],[11.804948,52.381925],[11.804957,52.381836],[11.805012,52.381863],[11.805181,52.381885],[11.806085,52.381866],[11.80644,52.381888],[11.806656,52.381925],[11.807019,52.381922],[11.807214,52.381886],[11.807437,52.381848],[11.807762,52.381852],[11.80823,52.381836],[11.808645,52.381852],[11.809245,52.381835],[11.809854,52.381849],[11.81032,52.381842],[11.81164,52.381832],[11.813275,52.381835],[11.814506,52.381823],[11.814805,52.381838],[11.815014,52.381843],[11.815285,52.381813],[11.815313,52.381769],[11.815336,52.381693],[11.815372,52.381537],[11.815395,52.381503],[11.815393,52.381932],[11.815127,52.381921]]]}},{"type":"Feature","properties":{"k":"forest"},"geometry":{"type":"Polygon","coordinates":[[[11.807647,52.382501],[11.807637,52.382616],[11.807619,52.382734],[11.807121,52.382738],[11.807081,52.382732],[11.807065,52.382708],[11.807119,52.382663],[11.807157,52.382648],[11.807233,52.382628],[11.807206,52.382558],[11.807139,52.382521],[11.807066,52.38245],[11.807096,52.382319],[11.807073,52.382243],[11.807,52.382237],[11.806575,52.382261],[11.806325,52.382301],[11.805969,52.382277],[11.805771,52.382364],[11.805761,52.382428],[11.805656,52.382496],[11.805593,52.382585],[11.805528,52.382643],[11.805356,52.382611],[11.805247,52.382705],[11.805155,52.38276],[11.804875,52.382772],[11.804789,52.382724],[11.804651,52.382589],[11.80445,52.382502],[11.804325,52.382442],[11.804257,52.382497],[11.804103,52.382459],[11.804061,52.382397],[11.804046,52.382343],[11.804149,52.382245],[11.804299,52.382179],[11.804414,52.382123],[11.804457,52.382058],[11.804364,52.382002],[11.8043,52.382005],[11.804104,52.38206],[11.80396,52.382128],[11.80378,52.382192],[11.803663,52.382231],[11.803594,52.382266],[11.80358,52.382315],[11.803556,52.382376],[11.80343,52.382486],[11.803382,52.382532],[11.803097,52.38265],[11.802985,52.382698],[11.802877,52.382724],[11.802738,52.38279],[11.802569,52.382875],[11.802442,52.382948],[11.802203,52.383029],[11.802091,52.383075],[11.802077,52.383135],[11.80177,52.383265],[11.801243,52.383519],[11.800812,52.383729],[11.800588,52.383822],[11.800377,52.383909],[11.800246,52.383936],[11.800109,52.383999],[11.799926,52.384114],[11.799779,52.384204],[11.799687,52.384257],[11.799558,52.384343],[11.799448,52.3844],[11.7993,52.384297],[11.798797,52.383969],[11.798374,52.383721],[11.79826,52.383649],[11.798013,52.383497],[11.797755,52.383345],[11.797535,52.383204],[11.797306,52.383055],[11.797158,52.382994],[11.796951,52.382871],[11.79631,52.38247],[11.79604,52.382325],[11.795836,52.382182],[11.795712,52.382088],[11.79536,52.381873],[11.795145,52.381737],[11.795027,52.381691],[11.79659,52.37997],[11.796786,52.380031],[11.797181,52.380137],[11.797484,52.380223],[11.797706,52.380314],[11.79859,52.380615],[11.799386,52.380865],[11.799637,52.380967],[11.800096,52.381105],[11.800419,52.381249],[11.800654,52.381369],[11.800868,52.381507],[11.80119,52.381624],[11.8014,52.381674],[11.801805,52.381721],[11.802054,52.381743],[11.802294,52.381792],[11.802374,52.381848],[11.802386,52.381944],[11.802468,52.382009],[11.802597,52.381996],[11.802579,52.381861],[11.802565,52.381756],[11.802633,52.381701],[11.802821,52.381672],[11.803099,52.381687],[11.803689,52.381746],[11.803908,52.381744],[11.804214,52.381714],[11.80451,52.381714],[11.804612,52.381743],[11.804616,52.38181],[11.804579,52.381868],[11.804647,52.381938],[11.804767,52.381944],[11.804856,52.381918],[11.804948,52.381925],[11.805209,52.381937],[11.80544,52.381947],[11.805828,52.381955],[11.806141,52.381996],[11.8064,52.381993],[11.806746,52.381993],[11.807068,52.381978],[11.807247,52.381937],[11.807583,52.381937],[11.808263,52.381924],[11.808732,52.381935],[11.809033,52.38194],[11.809214,52.38198],[11.809496,52.381978],[11.809781,52.381938],[11.80991,52.381899],[11.810687,52.381902],[11.812355,52.381894],[11.813329,52.381905],[11.814092,52.381902],[11.814379,52.381901],[11.814565,52.381922],[11.814847,52.381908],[11.81512,52.381891],[11.815127,52.381921],[11.815136,52.381964],[11.815134,52.382044],[11.815179,52.382095],[11.815326,52.382088],[11.815326,52.382124],[11.815287,52.38217],[11.815148,52.382187],[11.81504,52.382263],[11.81502,52.382325],[11.814951,52.3824],[11.814842,52.382434],[11.814773,52.382478],[11.81472,52.382532],[11.814648,52.382581],[11.81446,52.382601],[11.814186,52.382597],[11.813873,52.382625],[11.813623,52.382619],[11.813386,52.382621],[11.813218,52.382657],[11.813076,52.382675],[11.812832,52.382687],[11.812562,52.382679],[11.812371,52.382689],[11.812262,52.38265],[11.812137,52.382639],[11.812013,52.382666],[11.811883,52.382677],[11.811775,52.382673],[11.811686,52.382694],[11.811537,52.382697],[11.811475,52.38268],[11.811399,52.382654],[11.811294,52.382624],[11.811206,52.382653],[11.811144,52.382658],[11.811004,52.382612],[11.810949,52.382593],[11.810864,52.382608],[11.810742,52.382665],[11.810663,52.382687],[11.810595,52.382696],[11.810419,52.382702],[11.810275,52.3827],[11.810091,52.382685],[11.809971,52.382657],[11.810027,52.382599],[11.810106,52.382536],[11.81013,52.382489],[11.810091,52.382453],[11.809977,52.382468],[11.809918,52.382524],[11.809916,52.382601],[11.809888,52.382657],[11.809822,52.382672],[11.80976,52.382669],[11.809623,52.382649],[11.80931,52.382439],[11.809215,52.382387],[11.809212,52.382333],[11.809339,52.382291],[11.809494,52.38231],[11.809612,52.382283],[11.809579,52.382223],[11.80952,52.382198],[11.809313,52.382129],[11.809143,52.382134],[11.809016,52.382149],[11.808906,52.382182],[11.808685,52.382184],[11.808597,52.382162],[11.808517,52.382112],[11.807852,52.382118],[11.807386,52.382105],[11.807341,52.382134],[11.807365,52.3822],[11.807407,52.382277],[11.80744,52.382419],[11.807553,52.382445],[11.807647,52.382501]]]}},{"type":"Feature","properties":{"k":"forest"},"geometry":{"type":"Polygon","coordinates":[[[11.804112,52.382602],[11.804032,52.382627],[11.804008,52.382705],[11.803999,52.382788],[11.803956,52.38289],[11.804137,52.382929],[11.804206,52.382969],[11.804131,52.3831],[11.804101,52.383236],[11.804071,52.383319],[11.804028,52.38351],[11.803831,52.383693],[11.803719,52.383834],[11.803732,52.384003],[11.803771,52.384101],[11.803686,52.38421],[11.803524,52.384334],[11.803376,52.384453],[11.803495,52.384582],[11.803623,52.384686],[11.803811,52.384723],[11.803962,52.384612],[11.804019,52.384511],[11.804302,52.384202],[11.804292,52.384147],[11.80414,52.384073],[11.804246,52.383944],[11.804368,52.38393],[11.804635,52.383938],[11.804664,52.384025],[11.804575,52.384135],[11.804493,52.38427],[11.804668,52.384236],[11.804687,52.384194],[11.805063,52.38394],[11.805093,52.383797],[11.805043,52.383779],[11.804895,52.383709],[11.804829,52.383606],[11.804733,52.383536],[11.804681,52.383546],[11.804509,52.38357],[11.804463,52.38349],[11.804552,52.383301],[11.804773,52.383108],[11.804855,52.382892],[11.804967,52.382874],[11.805145,52.382903],[11.80535,52.382973],[11.80558,52.383041],[11.805771,52.383067],[11.805854,52.383055],[11.805936,52.382989],[11.806028,52.382977],[11.806246,52.383029],[11.806496,52.383108],[11.806588,52.383128],[11.80674,52.3831],[11.806918,52.383043],[11.80703,52.382999],[11.807327,52.382911],[11.80789,52.382897],[11.808816,52.382903],[11.809679,52.38287],[11.809962,52.382872],[11.810038,52.382987],[11.810153,52.383108],[11.810279,52.383166],[11.81043,52.383323],[11.810351,52.383427],[11.810308,52.383496],[11.810503,52.383494],[11.810549,52.383456],[11.810635,52.383275],[11.81075,52.383158],[11.81078,52.383078],[11.81071,52.382935],[11.810737,52.382886],[11.810842,52.38284],[11.811069,52.382858],[11.811307,52.382836],[11.811672,52.38282],[11.811956,52.382836],[11.812246,52.382842],[11.812513,52.382858],[11.812638,52.382915],[11.812684,52.383007],[11.81271,52.383389],[11.812704,52.383676],[11.812723,52.385334],[11.812725,52.385639],[11.81254,52.385674],[11.811983,52.385671],[11.811751,52.385634],[11.811619,52.385703],[11.811638,52.385853],[11.811633,52.386001],[11.811582,52.38607],[11.811479,52.386094],[11.811151,52.386089],[11.810755,52.386089],[11.810199,52.386085],[11.810027,52.38607],[11.809775,52.386076],[11.809592,52.386108],[11.809208,52.386065],[11.808936,52.386063],[11.808812,52.386024],[11.808788,52.38603],[11.808735,52.38604],[11.808743,52.386092],[11.808838,52.386159],[11.80884,52.386183],[11.808831,52.386237],[11.808455,52.386238],[11.807014,52.386043],[11.806716,52.386],[11.806489,52.385963],[11.806475,52.385934],[11.806471,52.385825],[11.80576,52.38575],[11.805558,52.385752],[11.805395,52.385876],[11.805303,52.385995],[11.805204,52.386181],[11.805171,52.386295],[11.804811,52.386298],[11.804346,52.38634],[11.804026,52.386376],[11.803725,52.386386],[11.803319,52.386384],[11.803077,52.386364],[11.802937,52.386353],[11.802755,52.386325],[11.802603,52.386293],[11.802395,52.386205],[11.802177,52.38605],[11.801916,52.385907],[11.801785,52.385817],[11.80173,52.385764],[11.80151,52.385653],[11.801367,52.385579],[11.800863,52.385265],[11.80047,52.385032],[11.799964,52.384723],[11.799785,52.384613],[11.799569,52.384478],[11.799503,52.384436],[11.799534,52.384415],[11.799667,52.384333],[11.799866,52.384229],[11.800109,52.384165],[11.800225,52.384128],[11.800332,52.384037],[11.80065,52.383879],[11.800881,52.383782],[11.801071,52.383695],[11.801469,52.383525],[11.801878,52.383304],[11.802402,52.383075],[11.802658,52.382942],[11.802815,52.382876],[11.802952,52.382844],[11.803057,52.382765],[11.803336,52.382616],[11.803443,52.382555],[11.803544,52.382545],[11.803685,52.382547],[11.803776,52.382532],[11.803862,52.382506],[11.804001,52.382532],[11.804112,52.382602]]]}},{"type":"Feature","properties":{"k":"grass"},"geometry":{"type":"Polygon","coordinates":[[[11.81953,52.375456],[11.819571,52.375466],[11.819606,52.375499],[11.819486,52.375707],[11.819469,52.375723],[11.819431,52.375732],[11.819356,52.375733],[11.819343,52.375752],[11.819398,52.375776],[11.819421,52.375803],[11.819306,52.375983],[11.81927,52.376051],[11.819257,52.376058],[11.819215,52.376059],[11.819144,52.37604],[11.819046,52.376015],[11.819018,52.376002],[11.819027,52.375977],[11.819136,52.376003],[11.819225,52.375866],[11.817789,52.375517],[11.8177,52.375654],[11.817682,52.375678],[11.817657,52.375666],[11.817641,52.375647],[11.817639,52.375613],[11.817645,52.375568],[11.817686,52.375515],[11.817636,52.375494],[11.817593,52.375527],[11.817557,52.375566],[11.81756,52.375605],[11.817592,52.375653],[11.81765,52.375705],[11.817711,52.37573],[11.818055,52.375814],[11.818808,52.375992],[11.819105,52.376066],[11.819182,52.376093],[11.819222,52.376115],[11.819222,52.376137],[11.819197,52.376184],[11.819134,52.376295],[11.818888,52.376671],[11.818637,52.377046],[11.818459,52.37734],[11.818399,52.377423],[11.818355,52.377437],[11.818294,52.377441],[11.818325,52.377431],[11.818362,52.377416],[11.818412,52.377366],[11.81848,52.37726],[11.818487,52.377231],[11.818444,52.377193],[11.818345,52.377156],[11.818346,52.377081],[11.818382,52.37702],[11.818446,52.376945],[11.818471,52.376863],[11.818536,52.376721],[11.818621,52.376702],[11.818648,52.376679],[11.818723,52.376647],[11.81882,52.376671],[11.818898,52.376646],[11.819104,52.376265],[11.819124,52.3762],[11.819083,52.376151],[11.819021,52.376101],[11.818851,52.376036],[11.817655,52.375757],[11.817534,52.375701],[11.817479,52.375647],[11.817481,52.375565],[11.817564,52.375477],[11.817734,52.375415],[11.817853,52.375403],[11.817974,52.37537],[11.817999,52.375316],[11.818032,52.375232],[11.818111,52.375191],[11.818162,52.375118],[11.818217,52.375132],[11.81844,52.375183],[11.818683,52.375251],[11.818645,52.375324],[11.818556,52.375303],[11.818455,52.375457],[11.819349,52.375677],[11.819451,52.375523],[11.819431,52.375518],[11.819449,52.375501],[11.819484,52.375493],[11.819512,52.375473],[11.81953,52.375456]]]}},{"type":"Feature","properties":{"k":"forest"},"geometry":{"type":"Polygon","coordinates":[[[11.818294,52.377441],[11.8172,52.377175],[11.817264,52.377144],[11.81744,52.377166],[11.817598,52.377192],[11.817754,52.377219],[11.817903,52.377229],[11.817983,52.377201],[11.818038,52.377101],[11.818075,52.377052],[11.818045,52.377034],[11.81761,52.376935],[11.817284,52.376862],[11.817073,52.376815],[11.816925,52.376776],[11.816838,52.376667],[11.816931,52.376531],[11.816883,52.376476],[11.816757,52.376416],[11.816698,52.376462],[11.816588,52.376514],[11.816523,52.376455],[11.81634,52.376371],[11.816296,52.376381],[11.816223,52.37649],[11.816239,52.376552],[11.816301,52.376643],[11.816381,52.376736],[11.816469,52.376808],[11.816595,52.376842],[11.816759,52.376863],[11.817044,52.376927],[11.817135,52.376969],[11.8172,52.377013],[11.8172,52.377065],[11.817149,52.377118],[11.817075,52.377144],[11.816049,52.376895],[11.815951,52.376854],[11.815852,52.376793],[11.815798,52.376737],[11.815767,52.376684],[11.815767,52.37664],[11.815878,52.376489],[11.816023,52.376283],[11.816765,52.375183],[11.816963,52.374882],[11.817028,52.374867],[11.817094,52.374868],[11.817743,52.375025],[11.818162,52.375118],[11.818111,52.375191],[11.818032,52.375232],[11.817999,52.375316],[11.817974,52.37537],[11.817853,52.375403],[11.817734,52.375415],[11.817564,52.375477],[11.817481,52.375565],[11.817479,52.375647],[11.817534,52.375701],[11.817655,52.375757],[11.818851,52.376036],[11.819021,52.376101],[11.819083,52.376151],[11.819124,52.3762],[11.819104,52.376265],[11.818898,52.376646],[11.81882,52.376671],[11.818723,52.376647],[11.818648,52.376679],[11.818621,52.376702],[11.818536,52.376721],[11.818471,52.376863],[11.818446,52.376945],[11.818382,52.37702],[11.818346,52.377081],[11.818345,52.377156],[11.818444,52.377193],[11.818487,52.377231],[11.81848,52.37726],[11.818412,52.377366],[11.818362,52.377416],[11.818325,52.377431],[11.818294,52.377441]]]}},{"type":"Feature","properties":{"k":"grass"},"geometry":{"type":"Polygon","coordinates":[[[11.8172,52.377175],[11.817075,52.377144],[11.817149,52.377118],[11.8172,52.377065],[11.8172,52.377013],[11.817135,52.376969],[11.817044,52.376927],[11.816759,52.376863],[11.816595,52.376842],[11.816469,52.376808],[11.816381,52.376736],[11.816301,52.376643],[11.816239,52.376552],[11.816223,52.37649],[11.816296,52.376381],[11.81634,52.376371],[11.816523,52.376455],[11.816588,52.376514],[11.816698,52.376462],[11.816757,52.376416],[11.816883,52.376476],[11.816931,52.376531],[11.816838,52.376667],[11.816925,52.376776],[11.817073,52.376815],[11.817284,52.376862],[11.81761,52.376935],[11.818045,52.377034],[11.818075,52.377052],[11.818038,52.377101],[11.817983,52.377201],[11.817903,52.377229],[11.817754,52.377219],[11.817598,52.377192],[11.81744,52.377166],[11.817264,52.377144],[11.8172,52.377175]]]}},{"type":"Feature","properties":{"k":"forest"},"geometry":{"type":"Polygon","coordinates":[[[11.815894,52.376184],[11.815649,52.376579],[11.815609,52.376747],[11.8156,52.37679],[11.815466,52.376763],[11.814183,52.376438],[11.812183,52.375949],[11.809768,52.375361],[11.808697,52.375081],[11.808699,52.374974],[11.809144,52.375032],[11.809351,52.374719],[11.809286,52.37468],[11.809388,52.374526],[11.809478,52.374527],[11.809643,52.374277],[11.809665,52.374124],[11.810043,52.374121],[11.81036,52.373988],[11.810375,52.3739],[11.810611,52.373817],[11.810683,52.373594],[11.81085,52.373595],[11.811003,52.373654],[11.811146,52.373544],[11.811517,52.373381],[11.811821,52.373223],[11.812057,52.373004],[11.812209,52.372787],[11.81357,52.37272],[11.813609,52.372708],[11.81367,52.372679],[11.813762,52.372668],[11.813781,52.37274],[11.813899,52.372888],[11.814009,52.372978],[11.814546,52.373363],[11.81512,52.373715],[11.815692,52.373985],[11.81612,52.374175],[11.816249,52.37431],[11.816334,52.374383],[11.816492,52.374438],[11.816703,52.37465],[11.816774,52.374768],[11.816725,52.374963],[11.816202,52.375716],[11.815894,52.376184]]]}},{"type":"Feature","properties":{"k":"grass"},"geometry":{"type":"Polygon","coordinates":[[[11.815983,52.376946],[11.815687,52.376935],[11.815294,52.376895],[11.815125,52.376879],[11.814983,52.376823],[11.81496,52.376772],[11.814868,52.376779],[11.814892,52.376721],[11.814943,52.376701],[11.815028,52.376714],[11.815983,52.376946]]]}},{"type":"Feature","properties":{"k":"forest"},"geometry":{"type":"Polygon","coordinates":[[[11.819581,52.377961],[11.819659,52.377838],[11.819948,52.377908],[11.81994,52.377958],[11.819926,52.378024],[11.819901,52.378061],[11.819711,52.377967],[11.819581,52.377961]]]}},{"type":"Feature","properties":{"k":"forest"},"geometry":{"type":"Polygon","coordinates":[[[11.816993,52.382011],[11.817101,52.381963],[11.817146,52.381876],[11.817259,52.381799],[11.816631,52.381802],[11.816463,52.381836],[11.815534,52.381836],[11.815475,52.38179],[11.815468,52.381473],[11.815447,52.381318],[11.815783,52.381335],[11.816153,52.381341],[11.81628,52.381374],[11.816459,52.381325],[11.816565,52.381308],[11.816788,52.381349],[11.816903,52.381382],[11.817,52.381401],[11.817252,52.381382],[11.817569,52.381381],[11.817762,52.381384],[11.817955,52.381329],[11.818071,52.381303],[11.818002,52.381168],[11.817972,52.381125],[11.817908,52.381095],[11.817805,52.381094],[11.817675,52.381062],[11.817675,52.380906],[11.817699,52.380828],[11.817842,52.380687],[11.818005,52.380554],[11.818234,52.380383],[11.818439,52.380458],[11.818685,52.380549],[11.818906,52.380666],[11.819072,52.380732],[11.819122,52.380776],[11.819213,52.380929],[11.819173,52.381022],[11.819298,52.381076],[11.819274,52.381291],[11.81931,52.381341],[11.819469,52.381248],[11.819621,52.381268],[11.819774,52.381183],[11.819963,52.381105],[11.820054,52.380992],[11.819831,52.380878],[11.819524,52.380876],[11.819323,52.380728],[11.818742,52.380502],[11.818486,52.380386],[11.818402,52.380347],[11.819572,52.380299],[11.820859,52.380281],[11.821084,52.380294],[11.821086,52.380471],[11.821089,52.381915],[11.821109,52.382428],[11.821033,52.382539],[11.820921,52.382611],[11.820835,52.382659],[11.820713,52.382686],[11.818628,52.382689],[11.817501,52.382689],[11.817392,52.382655],[11.81731,52.382615],[11.817284,52.38252],[11.817274,52.38246],[11.81725,52.382299],[11.817205,52.382168],[11.817129,52.382068],[11.816993,52.382011]]]}},{"type":"Feature","properties":{"k":"forest"},"geometry":{"type":"Polygon","coordinates":[[[11.813134,52.377688],[11.813063,52.377658],[11.812901,52.377661],[11.812704,52.377608],[11.812585,52.377713],[11.812347,52.377613],[11.812329,52.377556],[11.812419,52.377443],[11.812482,52.377319],[11.812407,52.377316],[11.812322,52.377376],[11.812242,52.377474],[11.812136,52.377603],[11.811993,52.377592],[11.811821,52.377497],[11.811732,52.377435],[11.81184,52.377319],[11.81196,52.377224],[11.811936,52.377145],[11.811793,52.377124],[11.811701,52.37717],[11.811642,52.377249],[11.811548,52.377356],[11.81155,52.377447],[11.811619,52.377513],[11.811715,52.377603],[11.811943,52.377724],[11.812054,52.377756],[11.812134,52.377769],[11.812285,52.377873],[11.812398,52.377912],[11.812548,52.377971],[11.812621,52.378076],[11.812767,52.37811],[11.812833,52.378069],[11.812953,52.378064],[11.813212,52.378214],[11.813405,52.378333],[11.813995,52.378573],[11.81463,52.378834],[11.815198,52.379054],[11.815435,52.379159],[11.815376,52.379326],[11.814387,52.379289],[11.814352,52.379441],[11.814387,52.380161],[11.814668,52.380158],[11.814716,52.380365],[11.814717,52.380401],[11.814717,52.380825],[11.81467,52.38095],[11.814665,52.381119],[11.814648,52.381189],[11.814822,52.381203],[11.814937,52.381273],[11.81533,52.381266],[11.81535,52.381285],[11.815369,52.381345],[11.815395,52.381503],[11.815372,52.381537],[11.815336,52.381693],[11.815313,52.381769],[11.815285,52.381813],[11.815014,52.381843],[11.814805,52.381838],[11.814506,52.381823],[11.813275,52.381835],[11.81164,52.381832],[11.81032,52.381842],[11.809854,52.381849],[11.809245,52.381835],[11.808645,52.381852],[11.80823,52.381836],[11.807762,52.381852],[11.807437,52.381848],[11.807214,52.381886],[11.807019,52.381922],[11.806656,52.381925],[11.80644,52.381888],[11.806085,52.381866],[11.805181,52.381885],[11.805012,52.381863],[11.804957,52.381836],[11.805077,52.381773],[11.805336,52.381774],[11.805468,52.381751],[11.805682,52.381693],[11.805717,52.381642],[11.805701,52.381572],[11.805605,52.381502],[11.805579,52.381494],[11.805353,52.381556],[11.805332,52.381504],[11.805409,52.381344],[11.805583,52.380943],[11.805783,52.380748],[11.80596,52.380556],[11.806059,52.380295],[11.80628,52.379939],[11.806409,52.379731],[11.806574,52.379425],[11.806734,52.379196],[11.806854,52.379023],[11.806901,52.378932],[11.807033,52.379014],[11.807087,52.379094],[11.80719,52.379104],[11.807355,52.379017],[11.807383,52.378921],[11.807334,52.378857],[11.807221,52.378827],[11.80711,52.37878],[11.807094,52.378596],[11.807801,52.377586],[11.808161,52.37744],[11.808533,52.377579],[11.80876,52.377535],[11.808754,52.377396],[11.808563,52.377418],[11.808401,52.377326],[11.808467,52.377103],[11.808623,52.376942],[11.808862,52.377004],[11.808928,52.377147],[11.808856,52.377275],[11.80915,52.37726],[11.809174,52.377154],[11.809474,52.37715],[11.809593,52.377333],[11.809791,52.377396],[11.809923,52.377355],[11.809947,52.377161],[11.809737,52.377081],[11.809803,52.37688],[11.8093,52.376616],[11.808868,52.376426],[11.80873,52.376481],[11.80873,52.376386],[11.808844,52.376302],[11.809126,52.376265],[11.809539,52.375625],[11.809828,52.37562],[11.810459,52.375706],[11.811249,52.37591],[11.813132,52.376347],[11.814162,52.376579],[11.814762,52.376704],[11.814527,52.376953],[11.814386,52.377063],[11.814181,52.3772],[11.81372,52.377443],[11.813395,52.377596],[11.813193,52.377674],[11.813134,52.377688]]]}},{"type":"Feature","properties":{"k":"grass"},"geometry":{"type":"Polygon","coordinates":[[[11.809215,52.382387],[11.809141,52.382346],[11.808993,52.382284],[11.80899,52.382218],[11.807859,52.382228],[11.807849,52.382274],[11.807769,52.382319],[11.80768,52.382399],[11.807647,52.382501],[11.807553,52.382445],[11.80744,52.382419],[11.807407,52.382277],[11.807365,52.3822],[11.807341,52.382134],[11.807386,52.382105],[11.807852,52.382118],[11.808517,52.382112],[11.808597,52.382162],[11.808685,52.382184],[11.808906,52.382182],[11.809016,52.382149],[11.809143,52.382134],[11.809313,52.382129],[11.80952,52.382198],[11.809579,52.382223],[11.809612,52.382283],[11.809494,52.38231],[11.809339,52.382291],[11.809212,52.382333],[11.809215,52.382387]]]}},{"type":"Feature","properties":{"k":"forest"},"geometry":{"type":"Polygon","coordinates":[[[11.809534,52.382656],[11.809674,52.382726],[11.807824,52.382733],[11.807694,52.382734],[11.807692,52.382656],[11.807699,52.382543],[11.807746,52.382441],[11.807828,52.382382],[11.807929,52.382356],[11.807986,52.382381],[11.807989,52.382418],[11.807989,52.382455],[11.807995,52.382455],[11.807995,52.382483],[11.808013,52.382483],[11.808013,52.382493],[11.808473,52.382493],[11.808555,52.382526],[11.808696,52.382576],[11.808847,52.382597],[11.808925,52.382574],[11.808892,52.382476],[11.808892,52.38242],[11.808701,52.382421],[11.808713,52.382366],[11.808826,52.382337],[11.80899,52.382353],[11.809146,52.382439],[11.809534,52.382656]]]}},{"type":"Feature","properties":{"k":"forest"},"geometry":{"type":"Polygon","coordinates":[[[11.817129,52.382474],[11.817102,52.382609],[11.817086,52.382667],[11.81699,52.382697],[11.815382,52.382713],[11.815303,52.382675],[11.815211,52.382617],[11.815185,52.382524],[11.815204,52.38243],[11.815244,52.382323],[11.815359,52.382275],[11.815455,52.382253],[11.815461,52.382217],[11.815478,52.382118],[11.815546,52.382116],[11.815845,52.382115],[11.816092,52.382112],[11.816447,52.3821],[11.816826,52.382042],[11.816924,52.38207],[11.817035,52.382157],[11.817117,52.382276],[11.817129,52.382394],[11.817129,52.382474]]]}},{"type":"Feature","properties":{"k":"grass"},"geometry":{"type":"Polygon","coordinates":[[[11.824121,52.379325],[11.82406,52.379333],[11.824014,52.379353],[11.823955,52.379397],[11.823793,52.379385],[11.823619,52.379369],[11.823491,52.379342],[11.823398,52.379276],[11.823381,52.379219],[11.823316,52.379176],[11.823198,52.379107],[11.823969,52.379296],[11.824059,52.379161],[11.823911,52.379124],[11.824052,52.378907],[11.824305,52.378964],[11.824323,52.378982],[11.824327,52.378998],[11.824282,52.379087],[11.824121,52.379325]]]}},{"type":"Feature","properties":{"k":"grass"},"geometry":{"type":"Polygon","coordinates":[[[11.823873,52.379115],[11.823463,52.379014],[11.82361,52.378799],[11.824013,52.378898],[11.823873,52.379115]]]}},{"type":"Feature","properties":{"k":"grass"},"geometry":{"type":"Polygon","coordinates":[[[11.823431,52.379006],[11.823287,52.378971],[11.823295,52.378951],[11.823333,52.378921],[11.823428,52.378879],[11.823522,52.378834],[11.823551,52.378785],[11.823579,52.378792],[11.823431,52.379006]]]}},{"type":"Feature","properties":{"k":"forest"},"geometry":{"type":"Polygon","coordinates":[[[11.830463,52.380004],[11.830468,52.380075],[11.830468,52.380123],[11.830409,52.380237],[11.830391,52.380478],[11.830355,52.380584],[11.830184,52.380567],[11.830068,52.380695],[11.83024,52.380801],[11.830224,52.38092],[11.830124,52.381085],[11.830034,52.381185],[11.829952,52.381268],[11.829827,52.38137],[11.829772,52.38141],[11.829689,52.381425],[11.829463,52.381427],[11.828858,52.381427],[11.828624,52.38142],[11.828567,52.381392],[11.828548,52.381363],[11.828497,52.381113],[11.828438,52.380941],[11.828315,52.380619],[11.828268,52.380513],[11.828292,52.380507],[11.828458,52.380579],[11.828536,52.38061],[11.828536,52.380635],[11.828561,52.380687],[11.828676,52.380687],[11.828823,52.380656],[11.828878,52.380603],[11.828832,52.380493],[11.828894,52.38035],[11.828761,52.3803],[11.828775,52.380196],[11.828586,52.380226],[11.828488,52.380315],[11.828561,52.380413],[11.828536,52.380535],[11.828487,52.380515],[11.828397,52.380474],[11.828348,52.380445],[11.828327,52.38041],[11.828433,52.380312],[11.828319,52.380266],[11.828213,52.380364],[11.828198,52.380415],[11.828162,52.380438],[11.828128,52.38044],[11.828016,52.380408],[11.827889,52.38034],[11.827838,52.380325],[11.827791,52.38037],[11.827805,52.380424],[11.827922,52.380472],[11.828037,52.380492],[11.828104,52.3805],[11.828202,52.380589],[11.828266,52.380814],[11.828206,52.380891],[11.828014,52.380843],[11.827912,52.380767],[11.827814,52.380716],[11.827725,52.380673],[11.827616,52.380632],[11.827592,52.380613],[11.82757,52.380563],[11.827537,52.380548],[11.827491,52.380568],[11.827432,52.380605],[11.827378,52.380606],[11.827318,52.380598],[11.827213,52.380563],[11.82717,52.380527],[11.827158,52.380465],[11.827138,52.380409],[11.827092,52.38034],[11.827017,52.380307],[11.826948,52.380306],[11.8268,52.380275],[11.82655,52.380122],[11.826505,52.380139],[11.826409,52.380065],[11.826351,52.380004],[11.826254,52.37982],[11.826151,52.379698],[11.826107,52.379647],[11.826046,52.379616],[11.826001,52.379604],[11.826005,52.379569],[11.825788,52.379511],[11.825685,52.379483],[11.825646,52.379457],[11.825672,52.379395],[11.825737,52.379313],[11.82636,52.379525],[11.826781,52.379786],[11.826792,52.379889],[11.826889,52.379954],[11.827061,52.379939],[11.827038,52.380041],[11.826839,52.380113],[11.82687,52.380169],[11.827006,52.380189],[11.827133,52.380248],[11.827232,52.380016],[11.827765,52.37965],[11.828077,52.379471],[11.828223,52.379425],[11.828424,52.379482],[11.828579,52.379484],[11.828543,52.379588],[11.828354,52.3797],[11.828588,52.37976],[11.828627,52.379871],[11.8288,52.379834],[11.828939,52.379729],[11.828915,52.379603],[11.828694,52.379596],[11.828739,52.379482],[11.828591,52.379418],[11.82842,52.379342],[11.828088,52.379285],[11.82782,52.379137],[11.827494,52.37898],[11.827034,52.379024],[11.826824,52.379082],[11.826614,52.379178],[11.826261,52.379231],[11.825832,52.379144],[11.826405,52.378247],[11.826456,52.378215],[11.826526,52.378227],[11.826726,52.378303],[11.827128,52.378512],[11.8276,52.378736],[11.829136,52.379426],[11.830092,52.379842],[11.830463,52.380004]]]}},{"type":"Feature","properties":{"k":"forest"},"geometry":{"type":"Polygon","coordinates":[[[11.825624,52.379305],[11.825545,52.379446],[11.825505,52.379447],[11.82443,52.379193],[11.824302,52.379157],[11.824295,52.379144],[11.824345,52.37907],[11.824403,52.378995],[11.82457,52.379021],[11.825328,52.379211],[11.825532,52.379258],[11.825603,52.379279],[11.825624,52.379305]]]}},{"type":"Feature","properties":{"k":"forest"},"geometry":{"type":"Polygon","coordinates":[[[11.826505,52.380139],[11.82647,52.380152],[11.826459,52.38019],[11.826317,52.380265],[11.826552,52.38043],[11.826531,52.380441],[11.826913,52.38071],[11.827095,52.380614],[11.827059,52.380589],[11.827068,52.380567],[11.827088,52.380563],[11.827145,52.380599],[11.827259,52.380637],[11.827368,52.380657],[11.827305,52.380657],[11.827248,52.380694],[11.827248,52.380709],[11.827292,52.380713],[11.827117,52.380806],[11.827051,52.380897],[11.826809,52.380854],[11.826604,52.380887],[11.826459,52.380874],[11.826392,52.38085],[11.826311,52.380731],[11.826212,52.380731],[11.826139,52.380772],[11.826099,52.380874],[11.826,52.380901],[11.825754,52.380914],[11.825682,52.380843],[11.825671,52.380726],[11.825637,52.380674],[11.825548,52.380645],[11.82517,52.38064],[11.824626,52.380658],[11.824506,52.38073],[11.824223,52.380646],[11.824258,52.380587],[11.824088,52.380485],[11.824003,52.380356],[11.824231,52.380182],[11.824286,52.38],[11.823948,52.379949],[11.823893,52.379974],[11.823821,52.379919],[11.823841,52.379863],[11.823897,52.379789],[11.823915,52.379784],[11.823946,52.379796],[11.823928,52.379824],[11.824191,52.379888],[11.824321,52.37969],[11.82455,52.379746],[11.824419,52.379944],[11.824681,52.380009],[11.824815,52.379806],[11.82481,52.379805],[11.824877,52.379703],[11.825044,52.379742],[11.82514,52.379631],[11.82506,52.379584],[11.82416,52.379381],[11.824189,52.379319],[11.824235,52.37925],[11.824269,52.379228],[11.82432,52.379209],[11.82463,52.379273],[11.825454,52.379471],[11.82562,52.379507],[11.82576,52.379551],[11.825796,52.379588],[11.825351,52.379478],[11.825264,52.379609],[11.825898,52.379765],[11.825985,52.379634],[11.825985,52.379617],[11.826001,52.379604],[11.826046,52.379616],[11.826107,52.379647],[11.826151,52.379698],[11.826254,52.37982],[11.826351,52.380004],[11.826409,52.380065],[11.826505,52.380139]]]}},{"type":"Feature","properties":{"k":"building"},"geometry":{"type":"Polygon","coordinates":[[[11.826308,52.380334],[11.826233,52.380374],[11.826302,52.380422],[11.826377,52.380381],[11.826308,52.380334]]]}},{"type":"Feature","properties":{"k":"forest"},"geometry":{"type":"Polygon","coordinates":[[[11.827866,52.380837],[11.827831,52.380805],[11.827796,52.380767],[11.827763,52.380746],[11.827713,52.380722],[11.827583,52.380688],[11.827472,52.380665],[11.827368,52.380657],[11.827305,52.380657],[11.827248,52.380694],[11.827248,52.380709],[11.827292,52.380713],[11.827437,52.380704],[11.827493,52.380819],[11.827616,52.380909],[11.827705,52.380896],[11.827692,52.380827],[11.827624,52.380778],[11.827704,52.38076],[11.827723,52.380765],[11.82777,52.380813],[11.827775,52.380899],[11.827858,52.380944],[11.82808,52.381068],[11.828132,52.381108],[11.828064,52.381158],[11.828016,52.381307],[11.828119,52.38141],[11.828096,52.381533],[11.828239,52.381533],[11.828394,52.381541],[11.828438,52.381502],[11.828445,52.381433],[11.828453,52.381354],[11.828432,52.381133],[11.828337,52.381025],[11.828225,52.380973],[11.827946,52.380883],[11.827866,52.380837]]]}},{"type":"Feature","properties":{"k":"forest"},"geometry":{"type":"Polygon","coordinates":[[[11.827075,52.381795],[11.826945,52.381656],[11.82713,52.38156],[11.828048,52.381605],[11.828172,52.381599],[11.828323,52.38161],[11.828415,52.381632],[11.828455,52.381665],[11.828487,52.381722],[11.828508,52.38179],[11.828489,52.381982],[11.828481,52.382059],[11.828431,52.382059],[11.828088,52.382082],[11.827636,52.382044],[11.827349,52.382105],[11.827347,52.381794],[11.827075,52.381795]]]}},{"type":"Feature","properties":{"k":"building"},"geometry":{"type":"Polygon","coordinates":[[[11.825814,52.381332],[11.825903,52.381329],[11.825906,52.381377],[11.825817,52.381379],[11.825814,52.381332]]]}},{"type":"Feature","properties":{"k":"track"},"geometry":{"type":"LineString","coordinates":[[11.824573,52.380731],[11.824696,52.380675],[11.825135,52.380665],[11.825511,52.380659],[11.825602,52.380685],[11.825645,52.380757],[11.825629,52.380961]]}},{"type":"Feature","properties":{"k":"grass"},"geometry":{"type":"Polygon","coordinates":[[[11.822921,52.379894],[11.822913,52.379815],[11.822831,52.379813],[11.822831,52.379792],[11.822854,52.379733],[11.822936,52.379673],[11.822976,52.379659],[11.823123,52.379682],[11.823138,52.379759],[11.823117,52.379837],[11.822921,52.379894]]]}},{"type":"Feature","properties":{"k":"forest"},"geometry":{"type":"Polygon","coordinates":[[[11.822831,52.379813],[11.822539,52.379804],[11.822386,52.379659],[11.822387,52.379515],[11.822436,52.379486],[11.822588,52.379494],[11.82288,52.379497],[11.823056,52.379438],[11.823082,52.379366],[11.822875,52.379274],[11.822492,52.379271],[11.822434,52.379205],[11.822382,52.37919],[11.822384,52.379046],[11.821624,52.379045],[11.821622,52.379189],[11.821736,52.379189],[11.821782,52.37933],[11.821713,52.379426],[11.821666,52.379415],[11.821584,52.379423],[11.821548,52.379485],[11.821531,52.379561],[11.821549,52.379652],[11.821588,52.379734],[11.821614,52.379779],[11.821689,52.379808],[11.821746,52.379822],[11.821887,52.379822],[11.821925,52.37982],[11.822045,52.379801],[11.822089,52.379774],[11.822128,52.37973],[11.822201,52.37969],[11.822241,52.379686],[11.82226,52.379727],[11.82227,52.379777],[11.822258,52.379832],[11.822253,52.37986],[11.822149,52.379897],[11.82207,52.3799],[11.82195,52.379908],[11.821892,52.379914],[11.82187,52.379947],[11.821909,52.379989],[11.821997,52.380045],[11.822029,52.380032],[11.822038,52.380014],[11.822056,52.379974],[11.82212,52.379958],[11.822151,52.379972],[11.822171,52.38001],[11.822126,52.380057],[11.822093,52.380085],[11.821961,52.38009],[11.821892,52.380085],[11.821725,52.380087],[11.821303,52.380084],[11.821317,52.380027],[11.821324,52.379687],[11.821309,52.37943],[11.821338,52.379293],[11.82132,52.379165],[11.821322,52.379117],[11.821389,52.379028],[11.821435,52.378984],[11.821343,52.378966],[11.821326,52.378895],[11.821307,52.378817],[11.821294,52.378738],[11.821318,52.378673],[11.82134,52.37861],[11.821309,52.378463],[11.82147,52.3785],[11.821473,52.378591],[11.821619,52.378616],[11.821656,52.378517],[11.821741,52.378532],[11.821784,52.378619],[11.822086,52.378627],[11.82218,52.378541],[11.821787,52.378413],[11.82182,52.378366],[11.823551,52.378785],[11.823522,52.378834],[11.823428,52.378879],[11.823333,52.378921],[11.823295,52.378951],[11.823287,52.378971],[11.823198,52.379107],[11.823316,52.379176],[11.823381,52.379219],[11.823398,52.379276],[11.823491,52.379342],[11.823619,52.379369],[11.823793,52.379385],[11.823955,52.379397],[11.824014,52.379353],[11.82406,52.379333],[11.824121,52.379325],[11.8241,52.379368],[11.824022,52.379488],[11.823783,52.37985],[11.823745,52.379876],[11.823611,52.37985],[11.823367,52.379822],[11.82318,52.379822],[11.823117,52.379837],[11.823138,52.379759],[11.823123,52.379682],[11.822976,52.379659],[11.822936,52.379673],[11.822854,52.379733],[11.822831,52.379792],[11.822831,52.379813]]]}},{"type":"Feature","properties":{"k":"building"},"geometry":{"type":"Polygon","coordinates":[[[11.822803,52.378852],[11.823008,52.378901],[11.822935,52.379016],[11.822729,52.378967],[11.822803,52.378852]]]}},{"type":"Feature","properties":{"k":"grass"},"geometry":{"type":"Polygon","coordinates":[[[11.821303,52.380084],[11.821225,52.38004],[11.821217,52.37893],[11.821211,52.378646],[11.821256,52.378613],[11.821314,52.378609],[11.82134,52.37861],[11.821318,52.378673],[11.821294,52.378738],[11.821307,52.378817],[11.821326,52.378895],[11.821343,52.378966],[11.821435,52.378984],[11.821389,52.379028],[11.821322,52.379117],[11.82132,52.379165],[11.821338,52.379293],[11.821309,52.37943],[11.821324,52.379687],[11.821317,52.380027],[11.821303,52.380084]]]}},{"type":"Feature","properties":{"k":"forest"},"geometry":{"type":"Polygon","coordinates":[[[11.821949,52.379514],[11.821954,52.379452],[11.821932,52.379399],[11.821897,52.379361],[11.821905,52.379305],[11.821962,52.379251],[11.822016,52.379232],[11.8221,52.379239],[11.822118,52.379247],[11.822092,52.379295],[11.822106,52.379324],[11.822215,52.379325],[11.822239,52.379353],[11.822218,52.379389],[11.822142,52.379413],[11.822051,52.379416],[11.822011,52.379441],[11.822011,52.379473],[11.822043,52.379479],[11.822097,52.379457],[11.82224,52.37945],[11.822317,52.379468],[11.822359,52.379485],[11.82237,52.379515],[11.821949,52.379514]]]}},{"type":"Feature","properties":{"k":"forest"},"geometry":{"type":"Polygon","coordinates":[[[11.824508,52.38169],[11.824603,52.381694],[11.82462,52.381704],[11.824616,52.381737],[11.824634,52.381912],[11.824513,52.381988],[11.824441,52.381966],[11.824371,52.381899],[11.824298,52.381858],[11.824287,52.381812],[11.824329,52.381795],[11.824418,52.381747],[11.824449,52.381709],[11.824508,52.38169]]]}},{"type":"Feature","properties":{"k":"forest"},"geometry":{"type":"Polygon","coordinates":[[[11.823608,52.3819],[11.823645,52.381944],[11.823707,52.382151],[11.823772,52.382154],[11.823811,52.381977],[11.823914,52.381969],[11.823969,52.381923],[11.823932,52.381833],[11.824013,52.381757],[11.824017,52.381725],[11.82392,52.381708],[11.823859,52.381722],[11.823847,52.381691],[11.823822,52.381669],[11.82371,52.381682],[11.823671,52.38177],[11.823632,52.381794],[11.823585,52.381774],[11.823528,52.381737],[11.82343,52.381706],[11.823346,52.381655],[11.823369,52.38163],[11.823424,52.381567],[11.823746,52.381579],[11.823855,52.381599],[11.823997,52.381627],[11.824091,52.381638],[11.824107,52.381703],[11.824107,52.38175],[11.824149,52.381789],[11.824226,52.381864],[11.824218,52.381919],[11.824138,52.381985],[11.82405,52.382035],[11.823978,52.382087],[11.823968,52.382157],[11.823985,52.382197],[11.82406,52.382231],[11.824153,52.382209],[11.824165,52.382181],[11.824144,52.382132],[11.824163,52.382081],[11.824203,52.382055],[11.824323,52.382036],[11.824386,52.38203],[11.824571,52.382073],[11.824675,52.382116],[11.825116,52.382243],[11.825498,52.382196],[11.825761,52.382453],[11.825761,52.382619],[11.827261,52.382619],[11.827303,52.382693],[11.824676,52.382685],[11.823887,52.382682],[11.821972,52.382659],[11.821506,52.382593],[11.821376,52.382444],[11.821293,52.382213],[11.821316,52.381885],[11.821349,52.381708],[11.821488,52.38166],[11.821659,52.381515],[11.821896,52.381467],[11.822256,52.381457],[11.822533,52.381496],[11.822795,52.38162],[11.823135,52.381573],[11.823232,52.381595],[11.823227,52.381674],[11.823323,52.381679],[11.823329,52.381712],[11.823367,52.381767],[11.823467,52.38177],[11.823494,52.381783],[11.823558,52.381841],[11.823586,52.381875],[11.823542,52.381903],[11.8235,52.38191],[11.823365,52.381946],[11.823209,52.382087],[11.823101,52.382119],[11.823019,52.3822],[11.822929,52.382218],[11.822924,52.382259],[11.822828,52.382261],[11.822823,52.382206],[11.822696,52.382096],[11.822588,52.382071],[11.82254,52.382151],[11.822765,52.382311],[11.82304,52.382343],[11.823246,52.382414],[11.823246,52.382497],[11.823363,52.382498],[11.823477,52.382435],[11.823334,52.38236],[11.823339,52.382261],[11.8235,52.382108],[11.823531,52.381979],[11.823542,52.381937],[11.823576,52.381914],[11.823608,52.3819]]]}},{"type":"Feature","properties":{"k":"forest"},"geometry":{"type":"Polygon","coordinates":[[[11.824907,52.38126],[11.825117,52.381261],[11.825069,52.381313],[11.824887,52.381388],[11.824908,52.381564],[11.82485,52.381654],[11.824675,52.381656],[11.82462,52.381704],[11.824603,52.381694],[11.824508,52.38169],[11.824393,52.381671],[11.824233,52.381654],[11.824091,52.381638],[11.823997,52.381627],[11.823855,52.381599],[11.823746,52.381579],[11.823424,52.381567],[11.823471,52.38151],[11.8235,52.381473],[11.823514,52.381403],[11.823587,52.381306],[11.823675,52.381304],[11.823627,52.381239],[11.823537,52.381229],[11.823482,52.381247],[11.822908,52.381232],[11.822919,52.381144],[11.822582,52.381142],[11.822437,52.381205],[11.822393,52.381355],[11.822319,52.381387],[11.822081,52.381398],[11.821519,52.381403],[11.821366,52.381393],[11.821338,52.381356],[11.821333,52.381084],[11.821289,52.380207],[11.821369,52.380166],[11.821903,52.380158],[11.821906,52.380402],[11.821882,52.38054],[11.821937,52.380597],[11.821938,52.380682],[11.822869,52.38068],[11.822869,52.38062],[11.822936,52.380565],[11.822909,52.380501],[11.822787,52.380417],[11.822856,52.380333],[11.823028,52.38034],[11.823152,52.380415],[11.823171,52.380582],[11.82321,52.380669],[11.82329,52.38068],[11.823313,52.380736],[11.823256,52.380787],[11.823304,52.380822],[11.823409,52.380805],[11.823515,52.380704],[11.823428,52.38061],[11.823437,52.380463],[11.823373,52.380404],[11.823178,52.380392],[11.823111,52.380347],[11.823109,52.380288],[11.823037,52.380305],[11.822895,52.380288],[11.822877,52.380254],[11.822911,52.380129],[11.822922,52.380019],[11.822978,52.379927],[11.823209,52.379873],[11.823325,52.379868],[11.823606,52.379895],[11.82373,52.379945],[11.823792,52.380019],[11.823859,52.380105],[11.823737,52.380273],[11.823824,52.380375],[11.823797,52.380744],[11.823887,52.380714],[11.823931,52.380639],[11.823987,52.380608],[11.824022,52.380599],[11.824042,52.380617],[11.824052,52.380645],[11.824207,52.380673],[11.824223,52.380646],[11.824506,52.38073],[11.824495,52.380803],[11.824481,52.380897],[11.824383,52.380923],[11.824357,52.380936],[11.824321,52.38094],[11.824177,52.380934],[11.824093,52.38093],[11.823921,52.380924],[11.823894,52.380964],[11.823851,52.380986],[11.823832,52.381034],[11.823837,52.381108],[11.823855,52.381194],[11.823873,52.381249],[11.823915,52.381289],[11.823914,52.381347],[11.823967,52.381356],[11.824142,52.381352],[11.824231,52.381343],[11.824303,52.381357],[11.824326,52.381379],[11.824432,52.381377],[11.824491,52.381369],[11.824513,52.381321],[11.82455,52.381291],[11.82464,52.381295],[11.824674,52.38132],[11.824679,52.381369],[11.824695,52.381376],[11.824795,52.381385],[11.824852,52.381379],[11.824886,52.381325],[11.824915,52.381293],[11.824907,52.38126]]]}},{"type":"Feature","properties":{"k":"grass"},"geometry":{"type":"Polygon","coordinates":[[[11.820823,52.376941],[11.820961,52.376728],[11.821002,52.376738],[11.820864,52.376951],[11.820823,52.376941]]]}},{"type":"Feature","properties":{"k":"grass"},"geometry":{"type":"Polygon","coordinates":[[[11.82084,52.376988],[11.820449,52.37759],[11.820404,52.377584],[11.820799,52.376977],[11.82084,52.376988]]]}},{"type":"Feature","properties":{"k":"grass"},"geometry":{"type":"Polygon","coordinates":[[[11.819488,52.377661],[11.819932,52.377769],[11.819902,52.377812],[11.819885,52.37783],[11.819454,52.377727],[11.819454,52.377716],[11.819488,52.377661]]]}},{"type":"Feature","properties":{"k":"forest"},"geometry":{"type":"Polygon","coordinates":[[[11.820465,52.377844],[11.820486,52.377898],[11.820678,52.37795],[11.820671,52.378018],[11.820171,52.377898],[11.820202,52.377875],[11.820242,52.377874],[11.820294,52.377874],[11.82034,52.37785],[11.820367,52.377841],[11.820409,52.377838],[11.820433,52.377829],[11.820465,52.377844]]]}},{"type":"Feature","properties":{"k":"grass"},"geometry":{"type":"Polygon","coordinates":[[[11.820848,52.376647],[11.82013,52.376473],[11.820144,52.376453],[11.820863,52.376625],[11.820848,52.376647]]]}},{"type":"Feature","properties":{"k":"forest"},"geometry":{"type":"Polygon","coordinates":[[[11.819313,52.376679],[11.819201,52.376851],[11.819159,52.376848],[11.819074,52.376891],[11.818966,52.377003],[11.818861,52.377087],[11.81882,52.377148],[11.818794,52.377177],[11.818762,52.377197],[11.818709,52.377213],[11.818654,52.377208],[11.818627,52.377198],[11.819223,52.376274],[11.819258,52.376286],[11.819277,52.37634],[11.819266,52.376436],[11.819248,52.376502],[11.819213,52.376541],[11.819229,52.37661],[11.819256,52.376647],[11.819313,52.376679]]]}},{"type":"Feature","properties":{"k":"forest"},"geometry":{"type":"Polygon","coordinates":[[[11.819721,52.376492],[11.819472,52.376432],[11.819434,52.376492],[11.819367,52.376464],[11.819342,52.376443],[11.819361,52.376415],[11.819419,52.37642],[11.81945,52.376419],[11.819475,52.376393],[11.819512,52.376368],[11.819577,52.376362],[11.819634,52.376369],[11.819657,52.376419],[11.819748,52.376446],[11.819721,52.376492]]]}},{"type":"Feature","properties":{"k":"grass"},"geometry":{"type":"Polygon","coordinates":[[[11.819223,52.376274],[11.819249,52.376233],[11.819531,52.376292],[11.819742,52.376347],[11.819857,52.376382],[11.819673,52.376663],[11.819618,52.37665],[11.819721,52.376492],[11.819748,52.376446],[11.819657,52.376419],[11.819634,52.376369],[11.819577,52.376362],[11.819512,52.376368],[11.819475,52.376393],[11.81945,52.376419],[11.819419,52.37642],[11.819361,52.376415],[11.819342,52.376443],[11.819367,52.376464],[11.819434,52.376492],[11.819313,52.376679],[11.819256,52.376647],[11.819229,52.37661],[11.819213,52.376541],[11.819248,52.376502],[11.819266,52.376436],[11.819277,52.37634],[11.819258,52.376286],[11.819223,52.376274]]]}},{"type":"Feature","properties":{"k":"grass"},"geometry":{"type":"Polygon","coordinates":[[[11.81977,52.376687],[11.819726,52.376678],[11.819896,52.376417],[11.81994,52.376427],[11.81977,52.376687]]]}},{"type":"Feature","properties":{"k":"grass"},"geometry":{"type":"Polygon","coordinates":[[[11.81936,52.377317],[11.81932,52.377306],[11.819708,52.376713],[11.819747,52.376723],[11.81936,52.377317]]]}},{"type":"Feature","properties":{"k":"grass"},"geometry":{"type":"Polygon","coordinates":[[[11.819596,52.376685],[11.819654,52.376701],[11.819258,52.377305],[11.819202,52.377292],[11.819596,52.376685]]]}},{"type":"Feature","properties":{"k":"forest"},"geometry":{"type":"Polygon","coordinates":[[[11.819184,52.377587],[11.819194,52.377608],[11.819181,52.377627],[11.819099,52.377643],[11.818845,52.377582],[11.818734,52.377521],[11.818638,52.377453],[11.818602,52.377412],[11.818564,52.377316],[11.818596,52.377247],[11.818622,52.377261],[11.818648,52.377294],[11.818673,52.37734],[11.818696,52.377396],[11.818729,52.377427],[11.818784,52.377457],[11.81892,52.377503],[11.819003,52.377538],[11.81911,52.377556],[11.819184,52.377587]]]}},{"type":"Feature","properties":{"k":"grass"},"geometry":{"type":"Polygon","coordinates":[[[11.819184,52.377587],[11.819386,52.377636],[11.819344,52.377701],[11.819099,52.377643],[11.819181,52.377627],[11.819194,52.377608],[11.819184,52.377587]]]}},{"type":"Feature","properties":{"k":"grass"},"geometry":{"type":"Polygon","coordinates":[[[11.818596,52.377247],[11.818627,52.377198],[11.818654,52.377208],[11.818709,52.377213],[11.818762,52.377197],[11.818794,52.377177],[11.81882,52.377148],[11.818861,52.377087],[11.818966,52.377003],[11.819074,52.376891],[11.819159,52.376848],[11.819201,52.376851],[11.818833,52.377418],[11.819081,52.377478],[11.819164,52.377351],[11.819219,52.377364],[11.819142,52.377486],[11.819195,52.377499],[11.81929,52.377353],[11.819332,52.37736],[11.819184,52.377587],[11.81911,52.377556],[11.819003,52.377538],[11.81892,52.377503],[11.818784,52.377457],[11.818729,52.377427],[11.818696,52.377396],[11.818673,52.37734],[11.818648,52.377294],[11.818622,52.377261],[11.818596,52.377247]]]}},{"type":"Feature","properties":{"k":"grass"},"geometry":{"type":"Polygon","coordinates":[[[11.820558,52.377607],[11.820504,52.377597],[11.820894,52.377006],[11.820941,52.377018],[11.820558,52.377607]]]}},{"type":"Feature","properties":{"k":"grass"},"geometry":{"type":"Polygon","coordinates":[[[11.82033,52.376033],[11.820213,52.376004],[11.820164,52.376003],[11.820122,52.376026],[11.820064,52.376078],[11.819896,52.376318],[11.819866,52.376328],[11.819834,52.376332],[11.819771,52.376319],[11.819302,52.376202],[11.819294,52.376165],[11.819297,52.376125],[11.819627,52.375575],[11.81966,52.375545],[11.819695,52.375535],[11.819737,52.375532],[11.819813,52.375542],[11.819909,52.375573],[11.819991,52.37561],[11.819983,52.37565],[11.819831,52.375614],[11.81973,52.375768],[11.820419,52.375936],[11.82052,52.37578],[11.820034,52.375663],[11.820043,52.375644],[11.82011,52.375663],[11.820272,52.3757],[11.82039,52.375725],[11.820504,52.375746],[11.82053,52.375756],[11.82057,52.375807],[11.820452,52.376001],[11.82033,52.376033]]]}},{"type":"Feature","properties":{"k":"grass"},"geometry":{"type":"Polygon","coordinates":[[[11.820247,52.376065],[11.820282,52.37607],[11.820593,52.376146],[11.820576,52.376172],[11.820233,52.37609],[11.820247,52.376065]]]}},{"type":"Feature","properties":{"k":"grass"},"geometry":{"type":"Polygon","coordinates":[[[11.820037,52.376387],[11.819932,52.376362],[11.819964,52.376305],[11.820091,52.376123],[11.820197,52.376146],[11.820132,52.376247],[11.820037,52.376387]]]}},{"type":"Feature","properties":{"k":"grass"},"geometry":{"type":"Polygon","coordinates":[[[11.825045,52.376252],[11.825137,52.376093],[11.825201,52.375983],[11.825355,52.37602],[11.825238,52.376225],[11.825179,52.376251],[11.825099,52.376268],[11.825044,52.376268],[11.82498,52.376253],[11.824979,52.376237],[11.825045,52.376252]]]}},{"type":"Feature","properties":{"k":"forest"},"geometry":{"type":"Polygon","coordinates":[[[11.823245,52.376287],[11.82286,52.376194],[11.822693,52.376156],[11.822641,52.376132],[11.822631,52.376101],[11.822664,52.376032],[11.822684,52.375978],[11.822695,52.375924],[11.822726,52.375903],[11.822771,52.37596],[11.822777,52.375992],[11.822841,52.376005],[11.822874,52.376049],[11.822931,52.376054],[11.823086,52.37602],[11.823266,52.376067],[11.823324,52.376103],[11.823386,52.376095],[11.823401,52.376145],[11.823353,52.37619],[11.823344,52.376223],[11.823355,52.376246],[11.823331,52.376272],[11.823245,52.376287]]]}},{"type":"Feature","properties":{"k":"forest"},"geometry":{"type":"Polygon","coordinates":[[[11.823916,52.376906],[11.823848,52.37697],[11.823801,52.37699],[11.823712,52.37699],[11.823588,52.376959],[11.823401,52.376899],[11.823411,52.376846],[11.823461,52.37681],[11.823514,52.376788],[11.823646,52.376826],[11.823777,52.376847],[11.823815,52.376855],[11.823827,52.376881],[11.823869,52.376898],[11.823916,52.376906]]]}},{"type":"Feature","properties":{"k":"forest"},"geometry":{"type":"Polygon","coordinates":[[[11.823671,52.377178],[11.823524,52.377137],[11.822819,52.376967],[11.822705,52.376943],[11.822551,52.376926],[11.822296,52.376897],[11.822058,52.37685],[11.822067,52.376814],[11.822087,52.376741],[11.822115,52.376721],[11.822151,52.376684],[11.822274,52.376673],[11.822364,52.37665],[11.822484,52.376676],[11.822679,52.376679],[11.822739,52.376625],[11.822801,52.376623],[11.822977,52.376652],[11.823131,52.376681],[11.823251,52.376698],[11.82327,52.376741],[11.823233,52.376828],[11.823211,52.376829],[11.823141,52.37683],[11.823058,52.376801],[11.82294,52.376767],[11.822914,52.376825],[11.822912,52.376874],[11.822935,52.376883],[11.823301,52.376964],[11.823617,52.377027],[11.823705,52.377072],[11.823705,52.377116],[11.823671,52.377178]]]}},{"type":"Feature","properties":{"k":"grass"},"geometry":{"type":"Polygon","coordinates":[[[11.823848,52.37697],[11.823797,52.377027],[11.823762,52.377071],[11.823714,52.377152],[11.823699,52.377174],[11.823671,52.377178],[11.823705,52.377116],[11.823705,52.377072],[11.823617,52.377027],[11.823301,52.376964],[11.822935,52.376883],[11.822912,52.376874],[11.822914,52.376825],[11.82294,52.376767],[11.823058,52.376801],[11.823141,52.37683],[11.823211,52.376829],[11.823233,52.376828],[11.82327,52.376741],[11.823251,52.376698],[11.823131,52.376681],[11.822977,52.376652],[11.822801,52.376623],[11.822739,52.376625],[11.822753,52.376556],[11.822821,52.376555],[11.822866,52.376523],[11.822878,52.376478],[11.82291,52.376444],[11.822894,52.376417],[11.82285,52.37642],[11.822623,52.376364],[11.822629,52.376337],[11.822642,52.376306],[11.822635,52.376286],[11.822631,52.376278],[11.82269,52.376201],[11.822951,52.376253],[11.823379,52.376345],[11.823309,52.376457],[11.823207,52.376612],[11.823896,52.376778],[11.823996,52.376623],[11.824019,52.376606],[11.824084,52.376605],[11.824015,52.376754],[11.823916,52.376906],[11.823869,52.376898],[11.823827,52.376881],[11.823815,52.376855],[11.823777,52.376847],[11.823646,52.376826],[11.823514,52.376788],[11.823461,52.37681],[11.823411,52.376846],[11.823401,52.376899],[11.823588,52.376959],[11.823712,52.37699],[11.823801,52.37699],[11.823848,52.37697]]]}},{"type":"Feature","properties":{"k":"grass"},"geometry":{"type":"Polygon","coordinates":[[[11.823112,52.378111],[11.823085,52.37803],[11.823035,52.377931],[11.823076,52.377832],[11.823161,52.377806],[11.82326,52.377793],[11.823307,52.377737],[11.823338,52.377687],[11.823376,52.377601],[11.823413,52.377565],[11.823473,52.377518],[11.823494,52.377519],[11.823311,52.377797],[11.823112,52.378111]]]}},{"type":"Feature","properties":{"k":"forest"},"geometry":{"type":"Polygon","coordinates":[[[11.8221,52.378052],[11.822087,52.378018],[11.822064,52.377961],[11.822198,52.377725],[11.822637,52.377004],[11.822665,52.376986],[11.822715,52.37698],[11.823682,52.377208],[11.82362,52.377318],[11.823494,52.377519],[11.823473,52.377518],[11.823413,52.377565],[11.823376,52.377601],[11.823338,52.377687],[11.823307,52.377737],[11.82326,52.377793],[11.823161,52.377806],[11.823076,52.377832],[11.823035,52.377931],[11.823085,52.37803],[11.823112,52.378111],[11.822992,52.37831],[11.822883,52.378459],[11.822839,52.378511],[11.822809,52.378531],[11.822562,52.378479],[11.822167,52.378368],[11.822144,52.378336],[11.822121,52.378302],[11.822067,52.378281],[11.822013,52.378292],[11.82196,52.378314],[11.821886,52.378302],[11.821866,52.378273],[11.821899,52.378205],[11.821934,52.378185],[11.821979,52.378179],[11.822015,52.378189],[11.822802,52.37838],[11.82289,52.378242],[11.8221,52.378052]]]}},{"type":"Feature","properties":{"k":"grass"},"geometry":{"type":"Polygon","coordinates":[[[11.822809,52.378531],[11.822831,52.378544],[11.822792,52.378538],[11.822591,52.378494],[11.822065,52.378365],[11.821904,52.37833],[11.821847,52.378311],[11.821827,52.37829],[11.821822,52.378265],[11.821845,52.378231],[11.822005,52.378002],[11.822029,52.378007],[11.822087,52.378018],[11.8221,52.378052],[11.822015,52.378189],[11.821979,52.378179],[11.821934,52.378185],[11.821899,52.378205],[11.821866,52.378273],[11.821886,52.378302],[11.82196,52.378314],[11.822013,52.378292],[11.822067,52.378281],[11.822121,52.378302],[11.822144,52.378336],[11.822167,52.378368],[11.822562,52.378479],[11.822809,52.378531]]]}},{"type":"Feature","properties":{"k":"grass"},"geometry":{"type":"Polygon","coordinates":[[[11.822498,52.376966],[11.8224,52.377129],[11.822193,52.377472],[11.821951,52.377424],[11.821965,52.37739],[11.822023,52.377292],[11.822141,52.377147],[11.822248,52.37699],[11.82226,52.376922],[11.822498,52.376966]]]}},{"type":"Feature","properties":{"k":"forest"},"geometry":{"type":"Polygon","coordinates":[[[11.821805,52.377637],[11.821586,52.377589],[11.821351,52.377574],[11.821357,52.37752],[11.821263,52.377537],[11.821184,52.377585],[11.821016,52.377585],[11.821034,52.377464],[11.821187,52.37744],[11.821385,52.377163],[11.821475,52.37725],[11.821581,52.37733],[11.821658,52.377449],[11.821722,52.377556],[11.821805,52.377637]]]}},{"type":"Feature","properties":{"k":"forest"},"geometry":{"type":"Polygon","coordinates":[[[11.821385,52.377163],[11.821653,52.377094],[11.821708,52.376971],[11.821559,52.376921],[11.821604,52.376866],[11.821648,52.376803],[11.821726,52.376805],[11.821913,52.376854],[11.822051,52.376881],[11.82226,52.376922],[11.822248,52.37699],[11.822141,52.377147],[11.822023,52.377292],[11.821965,52.37739],[11.821951,52.377424],[11.822193,52.377472],[11.8224,52.377129],[11.822498,52.376966],[11.822581,52.37699],[11.822356,52.377365],[11.82229,52.377464],[11.822205,52.377599],[11.822121,52.377707],[11.821805,52.377637],[11.821722,52.377556],[11.821658,52.377449],[11.821581,52.37733],[11.821475,52.37725],[11.821385,52.377163]]]}},{"type":"Feature","properties":{"k":"forest"},"geometry":{"type":"Polygon","coordinates":[[[11.822753,52.376556],[11.82248,52.376456],[11.822534,52.376373],[11.82257,52.376359],[11.822631,52.376278],[11.822635,52.376286],[11.822642,52.376306],[11.822629,52.376337],[11.822623,52.376364],[11.82285,52.37642],[11.822894,52.376417],[11.82291,52.376444],[11.822878,52.376478],[11.822866,52.376523],[11.822821,52.376555],[11.822753,52.376556]]]}},{"type":"Feature","properties":{"k":"grass"},"geometry":{"type":"Polygon","coordinates":[[[11.822631,52.376101],[11.822608,52.375935],[11.822608,52.375902],[11.822616,52.375881],[11.822643,52.375867],[11.822695,52.375863],[11.822736,52.375874],[11.822954,52.375942],[11.823077,52.375974],[11.823245,52.376009],[11.823401,52.376039],[11.823468,52.376053],[11.823509,52.376073],[11.823554,52.376122],[11.823514,52.376235],[11.82348,52.376311],[11.823449,52.376328],[11.823245,52.376287],[11.823331,52.376272],[11.823355,52.376246],[11.823344,52.376223],[11.823353,52.37619],[11.823401,52.376145],[11.823386,52.376095],[11.823324,52.376103],[11.823266,52.376067],[11.823086,52.37602],[11.822931,52.376054],[11.822874,52.376049],[11.822841,52.376005],[11.822777,52.375992],[11.822771,52.37596],[11.822726,52.375903],[11.822695,52.375924],[11.822684,52.375978],[11.822664,52.376032],[11.822631,52.376101]]]}},{"type":"Feature","properties":{"k":"forest"},"geometry":{"type":"Polygon","coordinates":[[[11.821955,52.376384],[11.821973,52.376417],[11.821915,52.376487],[11.82181,52.376505],[11.821778,52.376493],[11.821796,52.376424],[11.821808,52.376401],[11.821808,52.376349],[11.821955,52.376384]]]}},{"type":"Feature","properties":{"k":"forest"},"geometry":{"type":"Polygon","coordinates":[[[11.821737,52.376332],[11.821694,52.376323],[11.821652,52.376275],[11.821654,52.376229],[11.821758,52.376224],[11.821726,52.376273],[11.821768,52.376283],[11.821737,52.376332]]]}},{"type":"Feature","properties":{"k":"grass"},"geometry":{"type":"Polygon","coordinates":[[[11.820921,52.376568],[11.82088,52.376592],[11.820112,52.376405],[11.8202,52.376263],[11.820986,52.376454],[11.820921,52.376568]]]}},{"type":"Feature","properties":{"k":"forest"},"geometry":{"type":"Polygon","coordinates":[[[11.821142,52.376618],[11.821197,52.376525],[11.821276,52.376407],[11.821293,52.376339],[11.821283,52.376276],[11.821247,52.37623],[11.821309,52.376245],[11.821336,52.376207],[11.821383,52.376217],[11.82151,52.376022],[11.821531,52.376031],[11.821514,52.376076],[11.821459,52.376155],[11.821415,52.376227],[11.82141,52.376271],[11.821449,52.376358],[11.821473,52.37641],[11.821404,52.376457],[11.821366,52.376478],[11.821354,52.37653],[11.821366,52.376568],[11.82134,52.376586],[11.821291,52.376609],[11.821257,52.376628],[11.821213,52.376633],[11.821142,52.376618]]]}},{"type":"Feature","properties":{"k":"grass"},"geometry":{"type":"Polygon","coordinates":[[[11.821099,52.376684],[11.821142,52.376618],[11.821213,52.376633],[11.821257,52.376628],[11.821291,52.376609],[11.82134,52.376586],[11.821366,52.376568],[11.821354,52.37653],[11.821366,52.376478],[11.821404,52.376457],[11.821473,52.37641],[11.821449,52.376358],[11.82141,52.376271],[11.821415,52.376227],[11.821459,52.376155],[11.821514,52.376076],[11.821531,52.376031],[11.82151,52.376022],[11.821383,52.376217],[11.821336,52.376207],[11.821309,52.376245],[11.821247,52.37623],[11.821234,52.376236],[11.821234,52.376269],[11.821244,52.376315],[11.821239,52.37635],[11.821222,52.376404],[11.82116,52.376508],[11.821091,52.376606],[11.82098,52.376582],[11.821012,52.376519],[11.821041,52.376468],[11.821142,52.376308],[11.820795,52.376224],[11.82087,52.376107],[11.820981,52.376123],[11.821114,52.376157],[11.821132,52.376128],[11.821033,52.376104],[11.821136,52.375937],[11.821192,52.375879],[11.821276,52.375873],[11.821427,52.375869],[11.82145,52.375904],[11.821468,52.375932],[11.821495,52.375952],[11.82153,52.375969],[11.821614,52.375995],[11.821651,52.376005],[11.82166,52.376053],[11.8216,52.376145],[11.821743,52.37618],[11.821789,52.376134],[11.821816,52.376139],[11.821779,52.376191],[11.821758,52.376224],[11.821654,52.376229],[11.821652,52.376275],[11.821694,52.376323],[11.821737,52.376332],[11.821808,52.376349],[11.821808,52.376401],[11.821796,52.376424],[11.821778,52.376493],[11.82181,52.376505],[11.821915,52.376487],[11.821973,52.376417],[11.821955,52.376384],[11.821985,52.376337],[11.82248,52.376456],[11.822753,52.376556],[11.822739,52.376625],[11.822679,52.376679],[11.822484,52.376676],[11.822364,52.37665],[11.822274,52.376673],[11.822151,52.376684],[11.822115,52.376721],[11.822087,52.376741],[11.822067,52.376814],[11.822058,52.37685],[11.821925,52.376816],[11.821669,52.376754],[11.821477,52.376718],[11.821241,52.376696],[11.821099,52.376684]]]}},{"type":"Feature","properties":{"k":"forest"},"geometry":{"type":"Polygon","coordinates":[[[11.821505,52.376903],[11.821388,52.376863],[11.821317,52.376879],[11.821071,52.376819],[11.820967,52.376979],[11.820921,52.376966],[11.821052,52.37676],[11.8212,52.376736],[11.821369,52.376742],[11.821411,52.376759],[11.821477,52.376801],[11.821529,52.376867],[11.821505,52.376903]]]}},{"type":"Feature","properties":{"k":"road_minor"},"geometry":{"type":"LineString","coordinates":[[11.822844,52.378584],[11.823522,52.377533],[11.823694,52.37725],[11.823712,52.377209],[11.823742,52.377143],[11.823797,52.377055],[11.823921,52.376925],[11.823995,52.376818],[11.824036,52.376746],[11.82412,52.376566]]}},{"type":"Feature","properties":{"k":"forest"},"geometry":{"type":"Polygon","coordinates":[[[11.82257,52.376],[11.822582,52.3761],[11.82255,52.376148],[11.822529,52.376159],[11.821684,52.375975],[11.821565,52.375931],[11.821537,52.375884],[11.821522,52.375838],[11.821529,52.375811],[11.821634,52.375833],[11.821657,52.375792],[11.821552,52.37577],[11.821582,52.375693],[11.821617,52.375687],[11.821677,52.375691],[11.821726,52.375758],[11.821798,52.375795],[11.82183,52.375796],[11.821977,52.375805],[11.822097,52.375837],[11.822141,52.375863],[11.822217,52.375932],[11.822278,52.37594],[11.822472,52.375957],[11.822514,52.375973],[11.82257,52.376]]]}},{"type":"Feature","properties":{"k":"forest"},"geometry":{"type":"Polygon","coordinates":[[[11.82087,52.376107],[11.821003,52.375901],[11.821058,52.375879],[11.82093,52.375851],[11.820754,52.375801],[11.820679,52.375767],[11.820649,52.375726],[11.820617,52.375672],[11.820572,52.375644],[11.820506,52.37563],[11.820505,52.375595],[11.820532,52.375567],[11.820595,52.375539],[11.820657,52.375528],[11.820731,52.375525],[11.820836,52.375529],[11.821018,52.375552],[11.821504,52.375651],[11.821535,52.375679],[11.821462,52.375815],[11.821427,52.375869],[11.821276,52.375873],[11.821192,52.375879],[11.821136,52.375937],[11.821033,52.376104],[11.820998,52.376095],[11.820981,52.376123],[11.82087,52.376107]]]}},{"type":"Feature","properties":{"k":"grass"},"geometry":{"type":"Polygon","coordinates":[[[11.821003,52.375901],[11.820787,52.375849],[11.820622,52.376101],[11.82053,52.376076],[11.820495,52.376015],[11.820656,52.375795],[11.820656,52.375781],[11.820606,52.37574],[11.820551,52.375691],[11.820506,52.37563],[11.820572,52.375644],[11.820617,52.375672],[11.820649,52.375726],[11.820679,52.375767],[11.820754,52.375801],[11.82093,52.375851],[11.821058,52.375879],[11.821003,52.375901]]]}},{"type":"Feature","properties":{"k":"grass"},"geometry":{"type":"Polygon","coordinates":[[[11.825245,52.378381],[11.825195,52.378374],[11.825127,52.378433],[11.825095,52.378471],[11.824982,52.378643],[11.824949,52.378661],[11.824729,52.378602],[11.824716,52.378557],[11.8248,52.378456],[11.824864,52.378345],[11.82492,52.3783],[11.824992,52.378308],[11.825067,52.378317],[11.825137,52.37828],[11.825187,52.378283],[11.825221,52.378322],[11.825245,52.378381]]]}},{"type":"Feature","properties":{"k":"forest"},"geometry":{"type":"Polygon","coordinates":[[[11.825245,52.378538],[11.825201,52.378514],[11.825127,52.378433],[11.825195,52.378374],[11.825245,52.378381],[11.825317,52.378441],[11.82546,52.378471],[11.825783,52.378569],[11.82597,52.378623],[11.825628,52.37909],[11.825438,52.379051],[11.825209,52.379003],[11.825059,52.37897],[11.824998,52.378924],[11.825123,52.378755],[11.825245,52.378538]]]}},{"type":"Feature","properties":{"k":"grass"},"geometry":{"type":"Polygon","coordinates":[[[11.82597,52.378623],[11.826026,52.378639],[11.825714,52.37913],[11.825691,52.379162],[11.825644,52.379187],[11.825584,52.379203],[11.825539,52.379199],[11.825424,52.379169],[11.825528,52.379176],[11.825643,52.379121],[11.825628,52.37909],[11.82597,52.378623]]]}},{"type":"Feature","properties":{"k":"grass"},"geometry":{"type":"Polygon","coordinates":[[[11.823863,52.377011],[11.823941,52.376954],[11.823993,52.376868],[11.824075,52.376715],[11.82412,52.376605],[11.824382,52.376674],[11.824405,52.376723],[11.82431,52.376875],[11.825008,52.377038],[11.825103,52.376887],[11.825159,52.376805],[11.825531,52.376893],[11.825352,52.377],[11.825233,52.377089],[11.825179,52.37719],[11.825141,52.377273],[11.825021,52.377256],[11.824417,52.377094],[11.824084,52.377035],[11.823963,52.377006],[11.823863,52.377011]]]}},{"type":"Feature","properties":{"k":"forest"},"geometry":{"type":"Polygon","coordinates":[[[11.825127,52.378433],[11.825201,52.378514],[11.825245,52.378538],[11.825123,52.378755],[11.824998,52.378924],[11.825059,52.37897],[11.825209,52.379003],[11.825438,52.379051],[11.825628,52.37909],[11.825643,52.379121],[11.825528,52.379176],[11.825424,52.379169],[11.824487,52.378942],[11.822904,52.378566],[11.822935,52.378499],[11.823088,52.378236],[11.823345,52.377842],[11.823576,52.377481],[11.823738,52.377222],[11.823812,52.377083],[11.823863,52.377011],[11.823963,52.377006],[11.824084,52.377035],[11.824417,52.377094],[11.825021,52.377256],[11.825141,52.377273],[11.825179,52.37719],[11.825233,52.377089],[11.825352,52.377],[11.825531,52.376893],[11.825691,52.376931],[11.826809,52.37722],[11.826892,52.377244],[11.826942,52.377258],[11.826281,52.378237],[11.826026,52.378639],[11.82597,52.378623],[11.825783,52.378569],[11.82546,52.378471],[11.825317,52.378441],[11.825245,52.378381],[11.825221,52.378322],[11.825187,52.378283],[11.825137,52.37828],[11.825067,52.378317],[11.824992,52.378308],[11.82492,52.3783],[11.824864,52.378345],[11.8248,52.378456],[11.824716,52.378557],[11.824729,52.378602],[11.824949,52.378661],[11.824982,52.378643],[11.825095,52.378471],[11.825127,52.378433]]]}},{"type":"Feature","properties":{"k":"building"},"geometry":{"type":"Polygon","coordinates":[[[11.826474,52.377347],[11.826543,52.377239],[11.826798,52.377299],[11.826729,52.377407],[11.826474,52.377347]]]}},{"type":"Feature","properties":{"k":"grass"},"geometry":{"type":"Polygon","coordinates":[[[11.824089,52.376512],[11.823957,52.376485],[11.82358,52.37639],[11.823548,52.376358],[11.823544,52.376327],[11.823556,52.376264],[11.823606,52.376323],[11.823669,52.376354],[11.82371,52.37636],[11.82376,52.376362],[11.823909,52.376416],[11.823975,52.376452],[11.824089,52.376512]]]}},{"type":"Feature","properties":{"k":"grass"},"geometry":{"type":"Polygon","coordinates":[[[11.823585,52.376194],[11.823613,52.376127],[11.823657,52.376103],[11.823693,52.376098],[11.823996,52.376165],[11.824213,52.37621],[11.824428,52.376247],[11.824795,52.376309],[11.825111,52.376355],[11.825219,52.376377],[11.827017,52.376782],[11.827165,52.376908],[11.826975,52.377216],[11.826908,52.377201],[11.826971,52.377143],[11.827039,52.377031],[11.827039,52.376921],[11.826933,52.376875],[11.826684,52.376825],[11.826397,52.37679],[11.826038,52.376709],[11.825821,52.376647],[11.825733,52.376611],[11.825618,52.376614],[11.825558,52.376672],[11.825462,52.376647],[11.82541,52.376568],[11.825315,52.376529],[11.825205,52.376494],[11.824922,52.376443],[11.824808,52.376474],[11.824629,52.376462],[11.824463,52.3764],[11.824429,52.376394],[11.824334,52.376432],[11.824206,52.376443],[11.82414,52.376422],[11.824033,52.376364],[11.824172,52.376293],[11.824188,52.376247],[11.824102,52.376224],[11.823977,52.376275],[11.823905,52.376283],[11.823833,52.376264],[11.823768,52.376237],[11.823664,52.37618],[11.823624,52.376177],[11.823585,52.376194]]]}},{"type":"Feature","properties":{"k":"forest"},"geometry":{"type":"Polygon","coordinates":[[[11.823556,52.376264],[11.823585,52.376194],[11.823624,52.376177],[11.823664,52.37618],[11.823768,52.376237],[11.823833,52.376264],[11.823905,52.376283],[11.823977,52.376275],[11.824102,52.376224],[11.824188,52.376247],[11.824172,52.376293],[11.824033,52.376364],[11.82414,52.376422],[11.824206,52.376443],[11.824334,52.376432],[11.824429,52.376394],[11.824463,52.3764],[11.824629,52.376462],[11.824808,52.376474],[11.824922,52.376443],[11.825205,52.376494],[11.825315,52.376529],[11.82541,52.376568],[11.825462,52.376647],[11.825558,52.376672],[11.825618,52.376614],[11.825733,52.376611],[11.825821,52.376647],[11.826038,52.376709],[11.826397,52.37679],[11.826684,52.376825],[11.826933,52.376875],[11.827039,52.376921],[11.827039,52.377031],[11.826971,52.377143],[11.826908,52.377201],[11.82681,52.377179],[11.826335,52.377055],[11.825825,52.37693],[11.825675,52.376892],[11.825187,52.376774],[11.82501,52.37672],[11.824956,52.376676],[11.824864,52.376597],[11.824635,52.376545],[11.824443,52.376539],[11.824334,52.376556],[11.824248,52.376544],[11.824089,52.376512],[11.823975,52.376452],[11.823909,52.376416],[11.82376,52.376362],[11.82371,52.37636],[11.823669,52.376354],[11.823606,52.376323],[11.823556,52.376264]]]}},{"type":"Feature","properties":{"k":"grass"},"geometry":{"type":"Polygon","coordinates":[[[11.826682,52.375571],[11.826883,52.375618],[11.826876,52.375652],[11.82689,52.375756],[11.826886,52.375988],[11.826899,52.376052],[11.826815,52.376193],[11.826624,52.376406],[11.826395,52.376359],[11.826435,52.376335],[11.826416,52.376307],[11.826335,52.376285],[11.826263,52.376251],[11.826163,52.376209],[11.826097,52.376195],[11.826042,52.376201],[11.826084,52.376138],[11.826152,52.37613],[11.826239,52.376135],[11.826271,52.376152],[11.826254,52.376188],[11.826311,52.376216],[11.826295,52.376243],[11.826625,52.376318],[11.82666,52.376261],[11.826665,52.376262],[11.826789,52.376061],[11.826779,52.376059],[11.826808,52.376011],[11.826674,52.37598],[11.826709,52.375934],[11.82666,52.375887],[11.826539,52.37586],[11.826524,52.375842],[11.826569,52.375762],[11.826594,52.375677],[11.826618,52.375682],[11.826682,52.375571]]]}},{"type":"Feature","properties":{"k":"grass"},"geometry":{"type":"Polygon","coordinates":[[[11.825844,52.376296],[11.825646,52.376256],[11.825666,52.376194],[11.825691,52.376121],[11.825791,52.37594],[11.825872,52.375838],[11.825855,52.375759],[11.82577,52.375725],[11.825642,52.375688],[11.825688,52.375608],[11.82571,52.375601],[11.825746,52.375606],[11.825836,52.375627],[11.825991,52.375679],[11.82608,52.37572],[11.826191,52.375784],[11.82621,52.375885],[11.826154,52.375969],[11.826065,52.376047],[11.826002,52.376115],[11.825919,52.376173],[11.825882,52.37622],[11.825844,52.376296]]]}},{"type":"Feature","properties":{"k":"forest"},"geometry":{"type":"Polygon","coordinates":[[[11.826395,52.376359],[11.826348,52.376349],[11.826115,52.37635],[11.825907,52.376308],[11.825916,52.376277],[11.825923,52.376239],[11.82597,52.37621],[11.826042,52.376201],[11.826097,52.376195],[11.826163,52.376209],[11.826263,52.376251],[11.826335,52.376285],[11.826416,52.376307],[11.826435,52.376335],[11.826395,52.376359]]]}},{"type":"Feature","properties":{"k":"forest"},"geometry":{"type":"Polygon","coordinates":[[[11.825646,52.376256],[11.825482,52.376223],[11.825402,52.376111],[11.825642,52.375688],[11.82577,52.375725],[11.825855,52.375759],[11.825872,52.375838],[11.825791,52.37594],[11.825691,52.376121],[11.825666,52.376194],[11.825646,52.376256]]]}},{"type":"Feature","properties":{"k":"grass"},"geometry":{"type":"Polygon","coordinates":[[[11.827478,52.376603],[11.829136,52.376987],[11.829152,52.376991],[11.829125,52.376995],[11.828753,52.376917],[11.827584,52.376657],[11.827207,52.376576],[11.826115,52.37635],[11.826348,52.376349],[11.826395,52.376359],[11.826624,52.376406],[11.827365,52.376577],[11.8274,52.37655],[11.827676,52.37614],[11.82785,52.375813],[11.827889,52.37568],[11.827869,52.375587],[11.827699,52.375449],[11.827546,52.375396],[11.827306,52.375331],[11.827277,52.375248],[11.827327,52.375171],[11.827378,52.375104],[11.827446,52.37511],[11.827565,52.375183],[11.82771,52.375241],[11.827812,52.375245],[11.827923,52.37525],[11.828075,52.375303],[11.828078,52.375376],[11.828082,52.375432],[11.82815,52.375497],[11.828258,52.375482],[11.82836,52.375432],[11.828471,52.375431],[11.828732,52.375512],[11.828719,52.375581],[11.828613,52.375601],[11.828483,52.375609],[11.828394,52.375638],[11.828449,52.37569],[11.828583,52.375713],[11.828622,52.375722],[11.828569,52.375797],[11.828534,52.375841],[11.828399,52.375841],[11.828331,52.375803],[11.82819,52.375723],[11.828086,52.375715],[11.828033,52.37574],[11.827878,52.375929],[11.827623,52.376357],[11.827478,52.376603]]]}},{"type":"Feature","properties":{"k":"forest"},"geometry":{"type":"Polygon","coordinates":[[[11.826919,52.376561],[11.827098,52.376603],[11.827094,52.376616],[11.827047,52.376693],[11.827028,52.376704],[11.82695,52.376686],[11.826876,52.376674],[11.826871,52.376655],[11.826877,52.376623],[11.826916,52.376579],[11.826919,52.376561]]]}},{"type":"Feature","properties":{"k":"grass"},"geometry":{"type":"Polygon","coordinates":[[[11.827098,52.376603],[11.827165,52.376618],[11.82723,52.376635],[11.827277,52.37665],[11.827293,52.376673],[11.827253,52.376671],[11.827209,52.376661],[11.827219,52.376646],[11.827094,52.376616],[11.827098,52.376603]]]}},{"type":"Feature","properties":{"k":"grass"},"geometry":{"type":"Polygon","coordinates":[[[11.827047,52.376693],[11.827169,52.376723],[11.827177,52.376711],[11.827225,52.37672],[11.827203,52.376729],[11.827113,52.376723],[11.827028,52.376704],[11.827047,52.376693]]]}},{"type":"Feature","properties":{"k":"building"},"geometry":{"type":"Polygon","coordinates":[[[11.827219,52.376646],[11.827094,52.376616],[11.827047,52.376693],[11.827169,52.376723],[11.827177,52.376711],[11.827209,52.376661],[11.827219,52.376646]]]}},{"type":"Feature","properties":{"k":"forest"},"geometry":{"type":"Polygon","coordinates":[[[11.826712,52.376655],[11.826641,52.376651],[11.826498,52.37662],[11.826395,52.376562],[11.826254,52.376501],[11.826092,52.376426],[11.825966,52.376371],[11.826797,52.376535],[11.826805,52.376556],[11.826764,52.376617],[11.826712,52.376655]]]}},{"type":"Feature","properties":{"k":"grass"},"geometry":{"type":"Polygon","coordinates":[[[11.826876,52.376674],[11.826791,52.37666],[11.826712,52.376655],[11.826764,52.376617],[11.826805,52.376556],[11.826797,52.376535],[11.826859,52.376548],[11.826919,52.376561],[11.826916,52.376579],[11.826877,52.376623],[11.826871,52.376655],[11.826876,52.376674]]]}},{"type":"Feature","properties":{"k":"forest"},"geometry":{"type":"Polygon","coordinates":[[[11.825574,52.376418],[11.825279,52.376352],[11.825265,52.37634],[11.825293,52.376293],[11.825329,52.376233],[11.825531,52.376274],[11.825742,52.376316],[11.825771,52.376347],[11.825736,52.376399],[11.825674,52.376418],[11.825574,52.376418]]]}},{"type":"Feature","properties":{"k":"grass"},"geometry":{"type":"Polygon","coordinates":[[[11.825742,52.376316],[11.825824,52.376341],[11.825919,52.376395],[11.826031,52.376443],[11.826161,52.376503],[11.826341,52.376586],[11.825829,52.376475],[11.825574,52.376418],[11.825674,52.376418],[11.825736,52.376399],[11.825771,52.376347],[11.825742,52.376316]]]}},{"type":"Feature","properties":{"k":"road_minor"},"geometry":{"type":"LineString","coordinates":[[11.825193,52.376351],[11.826232,52.376584],[11.826856,52.37671],[11.827288,52.376803]]}},{"type":"Feature","properties":{"k":"forest"},"geometry":{"type":"Polygon","coordinates":[[[11.827334,52.376839],[11.827386,52.376775],[11.827458,52.376726],[11.827533,52.376718],[11.827652,52.376742],[11.82764,52.37676],[11.82758,52.376762],[11.827513,52.376763],[11.827478,52.376784],[11.827442,52.376829],[11.827409,52.376855],[11.827375,52.37686],[11.827334,52.376839]]]}},{"type":"Feature","properties":{"k":"forest"},"geometry":{"type":"Polygon","coordinates":[[[11.827423,52.37696],[11.827337,52.377091],[11.82705,52.377514],[11.827019,52.377515],[11.826973,52.377533],[11.826925,52.377533],[11.826895,52.377519],[11.826899,52.37748],[11.827134,52.377134],[11.827326,52.37694],[11.827381,52.376894],[11.827415,52.3769],[11.827421,52.376937],[11.827423,52.37696]]]}},{"type":"Feature","properties":{"k":"grass"},"geometry":{"type":"Polygon","coordinates":[[[11.82705,52.377514],[11.826921,52.377704],[11.826883,52.377701],[11.826831,52.377684],[11.826772,52.377674],[11.826899,52.37748],[11.826895,52.377519],[11.826925,52.377533],[11.826973,52.377533],[11.827019,52.377515],[11.82705,52.377514]]]}},{"type":"Feature","properties":{"k":"forest"},"geometry":{"type":"Polygon","coordinates":[[[11.826921,52.377704],[11.826764,52.377936],[11.826602,52.378173],[11.826583,52.378168],[11.826568,52.378174],[11.826541,52.378181],[11.826494,52.378153],[11.826471,52.378115],[11.826482,52.378094],[11.826674,52.377822],[11.826772,52.377674],[11.826831,52.377684],[11.826883,52.377701],[11.826921,52.377704]]]}},{"type":"Feature","properties":{"k":"grass"},"geometry":{"type":"Polygon","coordinates":[[[11.826602,52.378173],[11.82733,52.378517],[11.827375,52.378536],[11.827358,52.378541],[11.827317,52.37854],[11.827161,52.378476],[11.826696,52.378251],[11.826541,52.378181],[11.826568,52.378174],[11.826583,52.378168],[11.826602,52.378173]]]}},{"type":"Feature","properties":{"k":"barrier"},"geometry":{"type":"LineString","coordinates":[[11.827452,52.378569],[11.827551,52.378617],[11.828029,52.378693],[11.828254,52.37831]]}},{"type":"Feature","properties":{"k":"barrier"},"geometry":{"type":"LineString","coordinates":[[11.826764,52.377936],[11.826602,52.378173],[11.82733,52.378517]]}},{"type":"Feature","properties":{"k":"barrier"},"geometry":{"type":"LineString","coordinates":[[11.828385,52.376974],[11.827546,52.376774],[11.827423,52.37696],[11.827337,52.377091]]}},{"type":"Feature","properties":{"k":"barrier"},"geometry":{"type":"LineString","coordinates":[[11.828819,52.377467],[11.829001,52.377198],[11.829049,52.377135],[11.828463,52.376993]]}},{"type":"Feature","properties":{"k":"grass"},"geometry":{"type":"Polygon","coordinates":[[[11.827337,52.377091],[11.827423,52.37696],[11.827546,52.376774],[11.828385,52.376974],[11.828463,52.376993],[11.829049,52.377135],[11.829001,52.377198],[11.828819,52.377467],[11.828568,52.377405],[11.828002,52.378247],[11.828254,52.37831],[11.828029,52.378693],[11.827551,52.378617],[11.827452,52.378569],[11.827375,52.378536],[11.82733,52.378517],[11.826602,52.378173],[11.826764,52.377936],[11.827012,52.377998],[11.827585,52.377153],[11.827337,52.377091]]]}},{"type":"Feature","properties":{"k":"grass"},"geometry":{"type":"Polygon","coordinates":[[[11.828385,52.376974],[11.827546,52.376774],[11.827423,52.37696],[11.827421,52.376937],[11.827415,52.3769],[11.827381,52.376894],[11.827326,52.37694],[11.827134,52.377134],[11.827334,52.376839],[11.827375,52.37686],[11.827409,52.376855],[11.827442,52.376829],[11.827478,52.376784],[11.827513,52.376763],[11.82758,52.376762],[11.82764,52.37676],[11.827652,52.376742],[11.828383,52.376893],[11.828403,52.37694],[11.828385,52.376974]]]}},{"type":"Feature","properties":{"k":"road_minor"},"geometry":{"type":"LineString","coordinates":[[11.827386,52.376659],[11.827785,52.376007],[11.82809,52.375529]]}},{"type":"Feature","properties":{"k":"grass"},"geometry":{"type":"Polygon","coordinates":[[[11.83282,52.377807],[11.832746,52.377785],[11.832806,52.377515],[11.833244,52.377548],[11.833184,52.377816],[11.833909,52.377876],[11.833968,52.377608],[11.834064,52.377532],[11.834142,52.377554],[11.834368,52.377629],[11.834474,52.377693],[11.834457,52.377866],[11.834434,52.377902],[11.834342,52.377936],[11.834253,52.377863],[11.834176,52.377834],[11.834045,52.377879],[11.83399,52.377912],[11.833843,52.377929],[11.833703,52.377915],[11.83346,52.377914],[11.833301,52.37791],[11.833135,52.3779],[11.833084,52.377856],[11.83304,52.377804],[11.832978,52.377782],[11.832961,52.377732],[11.832978,52.377673],[11.833025,52.377615],[11.833029,52.377566],[11.832972,52.377575],[11.832869,52.377649],[11.832838,52.377727],[11.83282,52.377807]]]}},{"type":"Feature","properties":{"k":"grass"},"geometry":{"type":"Polygon","coordinates":[[[11.834129,52.377321],[11.834108,52.37742],[11.834064,52.377532],[11.833926,52.377545],[11.83379,52.377534],[11.833809,52.377524],[11.83386,52.377507],[11.833958,52.377471],[11.833996,52.377389],[11.833966,52.377315],[11.833888,52.37729],[11.833796,52.377265],[11.833809,52.377246],[11.833888,52.377208],[11.834006,52.377199],[11.834066,52.377148],[11.834075,52.377049],[11.834019,52.376898],[11.833854,52.376778],[11.834043,52.37676],[11.834092,52.376859],[11.834172,52.376926],[11.834194,52.37701],[11.834129,52.377321]]]}},{"type":"Feature","properties":{"k":"forest"},"geometry":{"type":"Polygon","coordinates":[[[11.83379,52.377534],[11.833576,52.377516],[11.833618,52.377438],[11.833618,52.37735],[11.833609,52.377267],[11.833613,52.377174],[11.833603,52.377061],[11.833596,52.37704],[11.833462,52.377046],[11.833447,52.377101],[11.833422,52.377182],[11.833397,52.377196],[11.833282,52.377243],[11.833292,52.377274],[11.833392,52.377295],[11.833443,52.377307],[11.833488,52.377374],[11.833481,52.377434],[11.833471,52.377507],[11.833367,52.377499],[11.833384,52.377455],[11.833392,52.377397],[11.833307,52.377364],[11.833229,52.377362],[11.833184,52.377388],[11.833104,52.377477],[11.832989,52.377467],[11.832974,52.377435],[11.832989,52.377402],[11.833042,52.377341],[11.83308,52.377274],[11.833095,52.377198],[11.833084,52.377084],[11.833076,52.377042],[11.83304,52.376993],[11.833005,52.37691],[11.833107,52.376865],[11.833278,52.376836],[11.833342,52.37678],[11.833608,52.376777],[11.833732,52.376774],[11.833854,52.376778],[11.834019,52.376898],[11.834075,52.377049],[11.834066,52.377148],[11.834006,52.377199],[11.833888,52.377208],[11.833809,52.377246],[11.833796,52.377265],[11.833888,52.37729],[11.833966,52.377315],[11.833996,52.377389],[11.833958,52.377471],[11.83386,52.377507],[11.833809,52.377524],[11.83379,52.377534]]]}},{"type":"Feature","properties":{"k":"grass"},"geometry":{"type":"Polygon","coordinates":[[[11.833576,52.377516],[11.833471,52.377507],[11.833481,52.377434],[11.833488,52.377374],[11.833443,52.377307],[11.833392,52.377295],[11.833292,52.377274],[11.833282,52.377243],[11.833397,52.377196],[11.833422,52.377182],[11.833447,52.377101],[11.833462,52.377046],[11.833596,52.37704],[11.833603,52.377061],[11.833613,52.377174],[11.833609,52.377267],[11.833618,52.37735],[11.833618,52.377438],[11.833576,52.377516]]]}},{"type":"Feature","properties":{"k":"grass"},"geometry":{"type":"Polygon","coordinates":[[[11.833367,52.377499],[11.833104,52.377477],[11.833184,52.377388],[11.833229,52.377362],[11.833307,52.377364],[11.833392,52.377397],[11.833384,52.377455],[11.833367,52.377499]]]}},{"type":"Feature","properties":{"k":"grass"},"geometry":{"type":"Polygon","coordinates":[[[11.832989,52.377467],[11.83282,52.377453],[11.832894,52.377128],[11.832972,52.377101],[11.832993,52.377036],[11.833005,52.37691],[11.83304,52.376993],[11.833076,52.377042],[11.833084,52.377084],[11.833095,52.377198],[11.83308,52.377274],[11.833042,52.377341],[11.832989,52.377402],[11.832974,52.377435],[11.832989,52.377467]]]}},{"type":"Feature","properties":{"k":"grass"},"geometry":{"type":"Polygon","coordinates":[[[11.832914,52.37695],[11.832894,52.377128],[11.832147,52.377066],[11.832007,52.377057],[11.832007,52.377045],[11.832015,52.377017],[11.832051,52.376948],[11.832121,52.376885],[11.832234,52.376843],[11.832782,52.376712],[11.832848,52.376711],[11.832893,52.376725],[11.832918,52.376745],[11.832933,52.376771],[11.832914,52.37695]]]}},{"type":"Feature","properties":{"k":"forest"},"geometry":{"type":"Polygon","coordinates":[[[11.831389,52.375846],[11.831607,52.375731],[11.831731,52.375676],[11.831886,52.375669],[11.832056,52.37566],[11.831905,52.375812],[11.831799,52.375911],[11.831701,52.376003],[11.831561,52.376006],[11.831479,52.376025],[11.831557,52.376178],[11.831611,52.376204],[11.83162,52.376232],[11.831586,52.37628],[11.831503,52.376307],[11.831408,52.376331],[11.831199,52.376333],[11.831101,52.376265],[11.830966,52.376222],[11.831097,52.376187],[11.83115,52.376123],[11.831178,52.375993],[11.831146,52.375924],[11.831114,52.375858],[11.831076,52.375805],[11.831389,52.375846]]]}},{"type":"Feature","properties":{"k":"grass"},"geometry":{"type":"Polygon","coordinates":[[[11.831707,52.377379],[11.830795,52.377309],[11.830813,52.377249],[11.830872,52.377134],[11.830942,52.377058],[11.831004,52.377016],[11.831046,52.377002],[11.831129,52.376993],[11.831701,52.37703],[11.831809,52.377042],[11.831871,52.377065],[11.831915,52.377129],[11.831913,52.377199],[11.831888,52.377272],[11.831841,52.377325],[11.831781,52.377358],[11.831707,52.377379]]]}},{"type":"Feature","properties":{"k":"grass"},"geometry":{"type":"Polygon","coordinates":[[[11.832138,52.377121],[11.83209,52.377404],[11.831983,52.377402],[11.831962,52.377382],[11.832015,52.377118],[11.832138,52.377121]]]}},{"type":"Feature","properties":{"k":"grass"},"geometry":{"type":"Polygon","coordinates":[[[11.830676,52.377302],[11.830483,52.377284],[11.83033,52.377256],[11.829869,52.377158],[11.829795,52.377133],[11.829767,52.377047],[11.829807,52.376982],[11.829839,52.376915],[11.829856,52.3769],[11.829834,52.376768],[11.829924,52.37677],[11.83032,52.3768],[11.830581,52.37685],[11.830844,52.376853],[11.830932,52.376831],[11.830999,52.376769],[11.830872,52.37671],[11.830872,52.376636],[11.830725,52.376606],[11.830643,52.376609],[11.830543,52.376631],[11.830388,52.376597],[11.830292,52.376657],[11.830228,52.376699],[11.830115,52.376695],[11.829849,52.376661],[11.829841,52.376574],[11.829787,52.376503],[11.829705,52.376444],[11.829601,52.376448],[11.829563,52.376455],[11.829687,52.376323],[11.829754,52.376245],[11.829835,52.376197],[11.829943,52.376168],[11.830056,52.376157],[11.830215,52.376151],[11.830479,52.376179],[11.830812,52.376226],[11.83091,52.376245],[11.831031,52.376294],[11.831119,52.376341],[11.831182,52.376406],[11.831216,52.376477],[11.83121,52.376554],[11.831135,52.376654],[11.831057,52.376749],[11.830949,52.376925],[11.830893,52.377005],[11.830798,52.377138],[11.830676,52.377302]]]}},{"type":"Feature","properties":{"k":"grass"},"geometry":{"type":"Polygon","coordinates":[[[11.831728,52.377772],[11.83179,52.377438],[11.832078,52.377466],[11.832016,52.377726],[11.832746,52.377785],[11.83282,52.377807],[11.832962,52.377851],[11.833029,52.377869],[11.83305,52.377966],[11.833339,52.377994],[11.833551,52.37802],[11.833681,52.378291],[11.833611,52.378358],[11.833513,52.378301],[11.833346,52.378258],[11.833129,52.378268],[11.832736,52.378316],[11.832619,52.378398],[11.832517,52.378443],[11.832517,52.378492],[11.83254,52.378526],[11.832485,52.37859],[11.832434,52.378625],[11.832383,52.378676],[11.832359,52.37861],[11.832338,52.378557],[11.832336,52.378508],[11.83237,52.37847],[11.832472,52.37841],[11.832597,52.378332],[11.832709,52.378252],[11.832761,52.378188],[11.83277,52.37812],[11.832758,52.378082],[11.832632,52.378053],[11.832328,52.37798],[11.831956,52.377882],[11.831812,52.377834],[11.831747,52.377802],[11.831728,52.377772]]]}},{"type":"Feature","properties":{"k":"grass"},"geometry":{"type":"Polygon","coordinates":[[[11.831703,52.377857],[11.831735,52.377857],[11.831794,52.377875],[11.832002,52.37793],[11.832385,52.378033],[11.832615,52.378078],[11.832674,52.378106],[11.8327,52.378147],[11.832699,52.378183],[11.832621,52.37827],[11.832472,52.378364],[11.832349,52.378445],[11.832281,52.378467],[11.83219,52.37848],[11.832128,52.37846],[11.832047,52.378421],[11.831843,52.378357],[11.831714,52.378297],[11.831669,52.378273],[11.831652,52.378222],[11.831641,52.378163],[11.831682,52.377943],[11.831703,52.377857]]]}},{"type":"Feature","properties":{"k":"forest"},"geometry":{"type":"Polygon","coordinates":[[[11.832736,52.378316],[11.833129,52.378268],[11.833346,52.378258],[11.833513,52.378301],[11.833611,52.378358],[11.833647,52.378397],[11.833703,52.378471],[11.833771,52.378598],[11.833853,52.378661],[11.833988,52.378753],[11.834048,52.378779],[11.834158,52.378822],[11.834222,52.37885],[11.834282,52.378916],[11.834315,52.378965],[11.834316,52.379011],[11.83429,52.379044],[11.834235,52.379056],[11.833667,52.379021],[11.832642,52.378995],[11.832262,52.379002],[11.832321,52.378903],[11.832343,52.378849],[11.832353,52.378791],[11.83236,52.378728],[11.832383,52.378676],[11.832434,52.378625],[11.832485,52.37859],[11.83254,52.378526],[11.832517,52.378492],[11.832517,52.378443],[11.832619,52.378398],[11.832736,52.378316]]]}},{"type":"Feature","properties":{"k":"forest"},"geometry":{"type":"Polygon","coordinates":[[[11.832147,52.379011],[11.832099,52.37904],[11.832016,52.379093],[11.831837,52.379177],[11.831707,52.379207],[11.831586,52.379219],[11.831377,52.379232],[11.831114,52.379239],[11.831023,52.379255],[11.83089,52.379318],[11.830787,52.379432],[11.830748,52.379531],[11.830736,52.379668],[11.830697,52.379744],[11.830628,52.379834],[11.830555,52.379918],[11.830486,52.379952],[11.829918,52.379693],[11.829253,52.379382],[11.828139,52.378884],[11.827661,52.378672],[11.827519,52.378622],[11.827444,52.378585],[11.827452,52.378569],[11.827551,52.378617],[11.828029,52.378693],[11.828254,52.37831],[11.828819,52.377467],[11.829001,52.377198],[11.829214,52.377158],[11.829741,52.377263],[11.829596,52.377495],[11.829492,52.377621],[11.829463,52.377655],[11.829077,52.378121],[11.829202,52.378259],[11.831301,52.378241],[11.831589,52.378261],[11.831635,52.378323],[11.831784,52.378405],[11.832,52.378479],[11.832194,52.378556],[11.832249,52.378617],[11.832274,52.378697],[11.832262,52.378775],[11.832192,52.378909],[11.832147,52.379011]]]}},{"type":"Feature","properties":{"k":"grass"},"geometry":{"type":"Polygon","coordinates":[[[11.831589,52.378261],[11.831301,52.378241],[11.829202,52.378259],[11.829077,52.378121],[11.829463,52.377655],[11.829799,52.377697],[11.831643,52.377846],[11.831597,52.378065],[11.831582,52.378203],[11.831589,52.378261]]]}},{"type":"Feature","properties":{"k":"grass"},"geometry":{"type":"Polygon","coordinates":[[[11.829492,52.377621],[11.829596,52.377495],[11.829741,52.377263],[11.829214,52.377158],[11.829001,52.377198],[11.829049,52.377135],[11.828463,52.376993],[11.828473,52.376973],[11.828503,52.376965],[11.828571,52.376955],[11.828652,52.376951],[11.829208,52.377072],[11.829836,52.377205],[11.830201,52.377287],[11.830422,52.377337],[11.83173,52.377435],[11.831654,52.377817],[11.830232,52.377701],[11.829665,52.377651],[11.829492,52.377621]]]}},{"type":"Feature","properties":{"k":"forest"},"geometry":{"type":"Polygon","coordinates":[[[11.829834,52.376768],[11.829849,52.376661],[11.830115,52.376695],[11.830228,52.376699],[11.830292,52.376657],[11.830388,52.376597],[11.830543,52.376631],[11.830643,52.376609],[11.830725,52.376606],[11.830872,52.376636],[11.830872,52.37671],[11.830999,52.376769],[11.830932,52.376831],[11.830844,52.376853],[11.830581,52.37685],[11.83032,52.3768],[11.829924,52.37677],[11.829834,52.376768]]]}},{"type":"Feature","properties":{"k":"forest"},"geometry":{"type":"Polygon","coordinates":[[[11.829705,52.376444],[11.829787,52.376503],[11.829841,52.376574],[11.829849,52.376661],[11.829834,52.376768],[11.829856,52.3769],[11.829839,52.376915],[11.829807,52.376982],[11.829767,52.377047],[11.829795,52.377133],[11.829246,52.377011],[11.829289,52.37696],[11.829348,52.37691],[11.829412,52.376815],[11.829442,52.376691],[11.829563,52.376455],[11.829601,52.376448],[11.829705,52.376444]]]}},{"type":"Feature","properties":{"k":"road_minor"},"geometry":{"type":"LineString","coordinates":[[11.823712,52.377209],[11.826531,52.37794]]}},{"type":"Feature","properties":{"k":"building"},"geometry":{"type":"Polygon","coordinates":[[[11.829388,52.381652],[11.829386,52.381841],[11.829015,52.38184],[11.829016,52.38165],[11.829388,52.381652]]]}},{"type":"Feature","properties":{"k":"road_minor"},"geometry":{"type":"LineString","coordinates":[[11.821597,52.382732],[11.821384,52.38264],[11.821303,52.382584],[11.821246,52.382533],[11.821184,52.382436],[11.82119,52.381415],[11.821182,52.380232],[11.821177,52.380115],[11.82116,52.378509],[11.821134,52.378364],[11.821069,52.378259],[11.820982,52.378189],[11.820855,52.3781]]}},{"type":"Feature","properties":{"k":"road_minor"},"geometry":{"type":"LineString","coordinates":[[11.825687,52.379245],[11.826382,52.378165],[11.826531,52.37794],[11.827288,52.376803],[11.827317,52.37676],[11.827386,52.376659]]}},{"type":"Feature","properties":{"k":"barrier"},"geometry":{"type":"LineString","coordinates":[[11.825137,52.376093],[11.825201,52.375983]]}},{"type":"Feature","properties":{"k":"barrier"},"geometry":{"type":"LineString","coordinates":[[11.824856,52.376032],[11.824924,52.375913]]}},{"type":"Feature","properties":{"k":"forest"},"geometry":{"type":"Polygon","coordinates":[[[11.82105,52.380158],[11.820885,52.380199],[11.820311,52.380222],[11.81984,52.380226],[11.819174,52.380251],[11.81852,52.380251],[11.818226,52.380279],[11.81808,52.380384],[11.817939,52.380493],[11.817767,52.380661],[11.817652,52.380776],[11.817536,52.380804],[11.817045,52.380804],[11.81684,52.380793],[11.81664,52.380772],[11.816438,52.380791],[11.816216,52.380771],[11.815932,52.380773],[11.815765,52.380752],[11.815696,52.3807],[11.815551,52.380669],[11.815433,52.380614],[11.815343,52.380505],[11.81535,52.380284],[11.815379,52.380263],[11.815475,52.380245],[11.815965,52.380246],[11.815972,52.380137],[11.815826,52.380127],[11.815654,52.38013],[11.815534,52.380113],[11.815489,52.38008],[11.815558,52.380028],[11.815581,52.379871],[11.815574,52.379813],[11.815598,52.379805],[11.815696,52.379798],[11.815913,52.379808],[11.816042,52.379805],[11.816026,52.379739],[11.816052,52.37967],[11.815928,52.379687],[11.815769,52.379672],[11.815605,52.37959],[11.815538,52.379506],[11.815476,52.37936],[11.815508,52.379235],[11.815593,52.379116],[11.815518,52.37908],[11.815407,52.379028],[11.815087,52.378886],[11.814419,52.378635],[11.813927,52.378426],[11.813812,52.378396],[11.813463,52.37826],[11.81328,52.378146],[11.813136,52.378034],[11.813158,52.377964],[11.813303,52.377876],[11.81355,52.377753],[11.813581,52.377687],[11.813463,52.377734],[11.813308,52.377784],[11.813188,52.377766],[11.813172,52.377742],[11.813332,52.377687],[11.813668,52.37754],[11.814103,52.37732],[11.814348,52.377195],[11.814579,52.377026],[11.81479,52.376841],[11.814868,52.376779],[11.81496,52.376772],[11.814983,52.376823],[11.815125,52.376879],[11.815294,52.376895],[11.815687,52.376935],[11.815983,52.376946],[11.816901,52.37718],[11.819532,52.37781],[11.819494,52.377881],[11.819456,52.377932],[11.819378,52.377951],[11.819166,52.377902],[11.819054,52.377948],[11.81887,52.378075],[11.818857,52.37823],[11.818836,52.37833],[11.818677,52.378487],[11.818289,52.378643],[11.817993,52.378936],[11.817848,52.379059],[11.817857,52.379103],[11.818071,52.379131],[11.818308,52.379208],[11.818486,52.379241],[11.818738,52.379268],[11.818973,52.37925],[11.819065,52.379206],[11.81913,52.379106],[11.819192,52.378965],[11.819245,52.378925],[11.81941,52.378922],[11.819611,52.37897],[11.819711,52.378732],[11.819633,52.378665],[11.819965,52.378143],[11.820096,52.377975],[11.820327,52.378034],[11.820596,52.378089],[11.820757,52.378205],[11.820766,52.378283],[11.821031,52.378441],[11.821037,52.3785],[11.820769,52.378484],[11.820699,52.378363],[11.820694,52.378314],[11.820407,52.378346],[11.820273,52.378255],[11.820123,52.378253],[11.820053,52.37835],[11.819922,52.378407],[11.820007,52.378556],[11.820276,52.378448],[11.820593,52.378541],[11.821067,52.3787],[11.821056,52.378956],[11.821075,52.379433],[11.821092,52.379887],[11.821087,52.380057],[11.82105,52.380158]]]}}]}